,Título,Número de registro,Autor,Classificação,Material/Técnica,Local de produção,Data de produção,Dimensões - altura,Dimensões - largura,Dimensões - diâmetro,Dimensões - profundidade/comprimento,Dimensões - peso,Resumo descritivo,Condições de reprodução,ACERVO,URL,TAINACAN_COLECTION_ID
0,"Escultura religiosa, Nossa Senhora da Conceição, [16- e 17-]",1,Não identificado,02 Artes Visuais/Cinematográfica > 02.3 Escultura,cedro | madeira policromada,,[16- e 17-],122,57,,35,49,"Figura feminina de pé na posição frontal com a cabeça levemente inclinada para a direita e para baixo. Cabelos longos caídos por sobre o manto em mechas, sobrancelhas arqueadas, olhos para baixo, nariz aquilino e boca cerrada. Braços flexionados segurando um menino do lado esquerdo. Mão direita aparente. Pernas retas. Túnica com decote redondo e sem gola, franzido na cintura por cinto, formando drapeajado nas barras. Mangas longas. Manto caindo dos ombros, com as pontas se unindo por baixo do menino deixando-o esvoaçante no lado direito. Pé direito calçado sobre esfera envolta por uma faixa, uma cobra e dois querubins. Apresenta encaixe para um terceiro e meia lua. Menino sentado em posição frontal com túnica longa e braços abertos, faltando antebraços. Cabelos curtos 
encaracolados, olhos abertos, nariz e boca pequenos. Querubins com cabelos curtos, encaracolados nas pontas. Olhos abertos, nariz aquilino e boca cerrada. Asas sobrepostas formando uma espécie de pala no pescoço. Decoração zoomorfa. Parte de trás com cabelos longos caindo em mechas com parte preso em semi coque na parte superior da cabeça. Restante pouco trabalhada. Base oitavada.",,museudasmissoes_-_acervo-museologico,https://museudasmissoes.acervos.museus.gov.br/wp-json/tainacan/v2/collection/6409/items/?perpage=96&order=ASC&orderby=date&exposer=csv&mapper=inbcm-ibram&paged=,6409
1,"Escultura religiosa, Santo Antônio de Pádua, [16- e 17-]",2,Não identificado,02 Artes Visuais/Cinematográfica > 02.3 Escultura,cedro | madeira policromada,,[16- e 17-],"99,5",43,,30,28,"Figura masculina de pé na posição frontal. Cabelos curtos com tonsura deixando as orelhas à mostra, sobrancelhas arqueadas, olhos abertos, sem nariz, boca cerrada. Braços flexionados para a frente sendo que com o esquerdo segura menino. Pernas retas com joelhos sugeridos por sob o panejamento. Cogula com  mangas na cor preto-azulado, cígulo frontal, com nós franzindo a túnica, pndente até o chão. Ponta dos pés descalços aparente por baixo da túnica. Menino com cabelo encaracolado, coberto por panejamento que lhe deixa nu o dorso e as pernas. Mão esquerda segura queixo do homem que o carrega. Sem o braço direito. Parte de trás esculpida seguindo padrão frontal deixando evidenciado o capuz e o caimento do tecido em extrias. Concavidade com tampo faltante na parte esquerda da imagem. Base arredondada.",,museudasmissoes_-_acervo-museologico,https://museudasmissoes.acervos.museus.gov.br/wp-json/tainacan/v2/collection/6409/items/?perpage=96&order=ASC&orderby=date&exposer=csv&mapper=inbcm-ibram&paged=,6409
2,"Escultura religiosa, São José, [16- e 17-]",3,Não identificado,02 Artes Visuais/Cinematográfica > 02.3 Escultura,cedro | madeira policromada,,[16- e 17-],111,"36,5",,35,"20,3","Figura masculina de pé na posição frontal. Cabelos de tamanho médio em camadas e mechas deixando parte das orelhas à mostra. Sobrancelhas retas, olhos baixos, nariz aquilino, bigodes até o fim dos lábios e barba encaracolada apenas embaixo do queixo. Braços flexionados segurando menino do lado direito de forma a deixar as mãos a mostra. Perna direita levemente flexionada e esquerda reta. Túnica longa e de mangas compridas franzida por cinto e com decote em ""V"". Orla na parte inferior da túnica drapeada sugerindo movimento. Manto caindo a partir dos ombro esquerdo, pelo meio das costas passando por baixo do braço direito e terminando em ponta no braço esquerdo, por baixo do menino. Pés com as pontas direcionadas para fora, calçando sandálias com duas tiras transversais. Menino sentado nos braços das imagem, envolto em panejamento que deixam descobertos o dorso e as pernas. Cabelos curtos encaracolados, olhos abertos, boca cerrada e nariz aquilino. Parte de trás seguindo padrão escultórico da indumentária. Base arredondada.",,museudasmissoes_-_acervo-museologico,https://museudasmissoes.acervos.museus.gov.br/wp-json/tainacan/v2/collection/6409/items/?perpage=96&order=ASC&orderby=date&exposer=csv&mapper=inbcm-ibram&paged=,6409
3,"Escultura religiosa, São Francisco de Borja, [16- e 17-]",4,Não identificado,02 Artes Visuais/Cinematográfica > 02.3 Escultura,cedro | madeira policromada,,[16- e 17-],100,50,,"28,5",,"Figura masculina de pé na posição frontal, com a cabeça levemente voltada para direita e para cima. Sobrancelhas arqueadas, olhos abertos voltados para cima, boca semi-aberta e nariz aquilino. Cabelos curtos e calvos. Braços abertos com as mãos espalmadas para frente com dedos faltantes. Pernas retas. Hábito longo com gola clerical e mangas longas com punho estreito e cintura franzida por cinto. Capa descendo pelo ombro esquerdo, costas e frente com as pontas atadas por nó, logo abaixo do cinto e com decorações nas orlas. Pés calçados com sapatos, levemente abertos. Parte de trás com trabalho escultórico de panejamento caindo em estrias retas. Base arredondada com trabalho que lembram a base de uma montanha.
",,museudasmissoes_-_acervo-museologico,https://museudasmissoes.acervos.museus.gov.br/wp-json/tainacan/v2/collection/6409/items/?perpage=96&order=ASC&orderby=date&exposer=csv&mapper=inbcm-ibram&paged=,6409
4,"Escultura religiosa, Nossa Senhora, [16- e 17-]",5,Não identificado,02 Artes Visuais/Cinematográfica > 02.3 Escultura,cedro | madeira policromada,,[16- e 17-],"99,5",44,,47,"49,5","Figura feminina de fisionomia jovem, genuflexionada frontalmente. Cabeça levemente inclinada para frente, olhos baixos, nariz aquilino, boca cerrada. Cabelos longos atá a altura da cintura, repartidos ao meio e em mechas. Pescoço grosso. Braços flexionados para frente, mãos em posição de prece. Túnica longa até o chão franzida à cintura por cinto pendente. Decote redondo com gola levemente drapejada. Manto longo sobre os ombros, caindo simetricamente com as pontas 
arredondadas. Na barra, túnica fazendo uma curva sugerida pela posição de genuflexão que cria uma leve saliência na parte de trás, que segue padrão escultórico da parte frontal. Pés ocultos pela vestimenta. Sem base.
.",,museudasmissoes_-_acervo-museologico,https://museudasmissoes.acervos.museus.gov.br/wp-json/tainacan/v2/collection/6409/items/?perpage=96&order=ASC&orderby=date&exposer=csv&mapper=inbcm-ibram&paged=,6409
5,"Escultura religiosa, Santo Izidro, [16- e 17-]",6,Não identificado,02 Artes Visuais/Cinematográfica > 02.3 Escultura,cedro | madeira policromada,,[16- e 17-],96,39,,44,,"Figura masculina de pé na posição frontal e cabeça voltada para a esquerda. Cabelos longos repartidos ao meio caindo em mechas sobre o ombro esquerdo e costa, sobrancelhas arqueadas, olhos e boca entreabertos, nariz aquilino e bigode e barba em pontas. Sem braços, mas posição do ombro sugere que o direito estava voltado para cima e esquerdo voltado para baixo. Pernas levemente afastadas sendo que na direita este afastamento é lateral. Pés virados para fora. Traja casaco com abertura frontal, barra e gola arredondadas e bragas. Manto caindo das costas pelo ombro esquerdo e ponta presa ao cinto do mesmo lado. Cinto com fivela e ponta caída para o lado direito. Meias com dobras salientes na altura da panturrilha e sapatos de cano alto com tira transversal na frente. Parte de trás com manto drapejado em diagonal. Base arredondada e quebrada com relevo e depressão que lembra um monte.",,museudasmissoes_-_acervo-museologico,https://museudasmissoes.acervos.museus.gov.br/wp-json/tainacan/v2/collection/6409/items/?perpage=96&order=ASC&orderby=date&exposer=csv&mapper=inbcm-ibram&paged=,6409
6,"Escultura religiosa, São Luis Gonzaga, [16-]",7,Não identificado,02 Artes Visuais/Cinematográfica > 02.3 Escultura,cedro | madeira policromada,,[16-],130,57,,42,,"Figura masculina de pé na posição frontal. Cabeça levemente voltada para a direita e para cima. Cabelos curtos e estriados deixando a ponta das orelhas a mostra. Sobrancelhas arqueadas, nariz sem a ponta e boca cerrada. Braços flexionados, direito para frente e esquerdo em direção ao peito. Sem as mãos. Pernas retas. Traja túnica longa até a base da escultura. Sobrepeliz com mangas largas e gola clerical. Panejamento com ondulações e caimento reto na parte frontal e de trás da escultura. Base arredondada.",,museudasmissoes_-_acervo-museologico,https://museudasmissoes.acervos.museus.gov.br/wp-json/tainacan/v2/collection/6409/items/?perpage=96&order=ASC&orderby=date&exposer=csv&mapper=inbcm-ibram&paged=,6409
7,"Escultura religiosa, Santo Estanislau Kostka, [17-]",8,Não identificado,02 Artes Visuais/Cinematográfica > 02.3 Escultura,cedro | madeira policromada,,[17-],141,59,,47,"81,8","Figura masculina, de pé na posição frontal, cabeça levemente voltada para cima. Cabelo curto e estriado, orelhas a mostra, sobrancelhas arqueadas, olhos abertos, nariz aquilino, boca pequena e cerrada. Braços flexionados, segurando nas mãos, menino sentado sobre a mão direita com os pés apoiados na mão esquerda. Pernas retas, batina preta com gola clerical, manto longo por cima, caído nas costas com uma ponta presa sob o braço esquerdo. O manto apresenta barrado com decorações fitomorfas. Panejamento farto sugerindo movimento caindo dobrada por sobre os pés da imagem, que é menor que a roupa, deixando à mostra o pé esquerdo com sapato. Menino sentado de perfil, cabelos curtos, estriados e encaracolados nas pontas e abaixo das orelhas. Olhos abertos, nariz achatado e boca
fechada. Parte de trás com manto caindo por sobre as costas formando pregas retas. Base arredondada",,museudasmissoes_-_acervo-museologico,https://museudasmissoes.acervos.museus.gov.br/wp-json/tainacan/v2/collection/6409/items/?perpage=96&order=ASC&orderby=date&exposer=csv&mapper=inbcm-ibram&paged=,6409
8,"Escultura religiosa, Cristo Crucificado, [16- e 17-]",9,Não identificado,02 Artes Visuais/Cinematográfica > 02.3 Escultura,cedro | madeira policromada,,[16- e 17-],105,26,,35,,"Figura masculina em posição frontal com a cabeça voltada para baixo e levementevoltada para a direita. Cabelos longos repartidos ao meio caídos em mechas sobre o ombro direito e costas. Olhos fechados, boca entreaberta e barba e bigode em pontas. Sem braços e parte das pernas que se encontram levemente flexionadas na altura do joelho. Mamilos e tórax com anatomia evidenciada.Vestígios de tanga aposta com cordão na parte de trás. ",,museudasmissoes_-_acervo-museologico,https://museudasmissoes.acervos.museus.gov.br/wp-json/tainacan/v2/collection/6409/items/?perpage=96&order=ASC&orderby=date&exposer=csv&mapper=inbcm-ibram&paged=,6409
9,"Sino, Santo Antonio, 1732",10,Não identificado,10 Comunicação > 10.3 Equipamento de Comunicação Sonora/Visual,bronze | ferro fundido,,1732,68,,48.0,,55,"Sino com bacia de linha cônica de borda abaulada, decorada com friso duplo junto á borda e na parte inferior. Sem badalo. Corpo liso com inscrições em relevo entre as bordas. Braço de ferro com três hastes a partir de um pino central formando três gomos vasados.",,museudasmissoes_-_acervo-museologico,https://museudasmissoes.acervos.museus.gov.br/wp-json/tainacan/v2/collection/6409/items/?perpage=96&order=ASC&orderby=date&exposer=csv&mapper=inbcm-ibram&paged=,6409
10,"Sino, Santa Maria, 1714",11,,10 Comunicação > 10.3 Equipamento de Comunicação Sonora/Visual,ferro fundido,,1714,69,,62.0,,,"Sino com bacia de linha cônica de borda abaulada, decorada com friso. Corpo liso com inscrições em relevo.",,museudasmissoes_-_acervo-museologico,https://museudasmissoes.acervos.museus.gov.br/wp-json/tainacan/v2/collection/6409/items/?perpage=96&order=ASC&orderby=date&exposer=csv&mapper=inbcm-ibram&paged=,6409
11,"Sino, São Francisco Xavier, 1730",12,Não identificado,10 Comunicação > 10.3 Equipamento de Comunicação Sonora/Visual,bronze | ferro fundido,,1730,53,,40.0,,"46,5","Sino com bacia de linha cônica de borda abaulada, decorado com friso duplo junto à borda e na parte superior próximo ao braço. Sem Badalo. Corpo liso com inscrições em relevo. Braço de ferro com três pinos envoltos por haste móvel.",,museudasmissoes_-_acervo-museologico,https://museudasmissoes.acervos.museus.gov.br/wp-json/tainacan/v2/collection/6409/items/?perpage=96&order=ASC&orderby=date&exposer=csv&mapper=inbcm-ibram&paged=,6409
12,"Escultura religiosa, Santa Catarina, [16- e 17-]",13,Não identificado,02 Artes Visuais/Cinematográfica > 02.3 Escultura,cedro | madeira policromada,,[16- e 17-],192,71,,56,110,"Figura feminina de pé na posição frontal. Cabeça coberta por véu curto, nariz aquilino, boca cerrada, pescoço longo. Sem os braços mas posição dos dedos no peito sugere braço direito flexionado. Perna direita reta e esquerda levemente flexionada. Túnica longa e drapejada. Faixa na cintura. Manto com a ponta caída à esquerda e à direita envolvendo os quadrís até a cintura. Pés em médio afastamento, calçando sapatos. Parte de trás com côncavo indo do meio das costas até a altura do fim da túnica. Base arredondada",,museudasmissoes_-_acervo-museologico,https://museudasmissoes.acervos.museus.gov.br/wp-json/tainacan/v2/collection/6409/items/?perpage=96&order=ASC&orderby=date&exposer=csv&mapper=inbcm-ibram&paged=,6409
13,"Escultura religiosa, São Lourenço, [16- e 17-]",14,Não identificado,02 Artes Visuais/Cinematográfica > 02.3 Escultura,cedro | madeira,,[16- e 17-],222,97,,77,"156,5","Figura masculina de fisionomia jovem de pé na posição frontal. Cabelos curtos em mechas, cabeça levemente voltada para direita deixando a ponta das orelhas a mostra, sobrancelhas arqueadas, olhos esculpidos e abertos, nariz aquilino, boca cerrada e zigoma levemente delineado. Pescoço grosso e longo. Braço direito flexionado com a mão em direção ao peito. Perna direita flexionada e voltada para fora e esquerda reta. Túnica longa, acinturada com mangas longas e ajustadas. Casula com decoração fitomorfa em baixo-relevo. Barra da túnica formando volutas no panejamento. Pés em médio afastamento calçando sapatos. Na parte de trás, concavidade em toda extensão da imagem, dos ombros até o chão. Base irregular.",,museudasmissoes_-_acervo-museologico,https://museudasmissoes.acervos.museus.gov.br/wp-json/tainacan/v2/collection/6409/items/?perpage=96&order=ASC&orderby=date&exposer=csv&mapper=inbcm-ibram&paged=,6409
14,"Escultura religiosa, [São Bernadino de Sena], [16- e 17-]",15,Não identificado,02 Artes Visuais/Cinematográfica > 02.3 Escultura,cedro | madeira policromada,,[16- e 17-],91,33,,33,19,"Figura masculina de pé, posição frontal e cabeça levemnete flexionada para baixo. Calva com mecha unica de cabelos caída na testa. O restante da cabeça é circundada pelo cabelo que deixa as orelhas a mostra. Ruga de expressão na testa e sombrancelhas esculpidas. Olhos voltado para baixo, boca cerrada e nariz aquilino. Perna esquerda levemente flexionada para frente. Cogula (túnica beneditina), presa com cordão duplo na cintura. Pés descalço levemente afastados. Parte de trás seguindo trabalho escultórico da frente com destaque para o capuz caído nas costas, e cinto atado à cintura franzindo a túnica. Base Arredondada.",,museudasmissoes_-_acervo-museologico,https://museudasmissoes.acervos.museus.gov.br/wp-json/tainacan/v2/collection/6409/items/?perpage=96&order=ASC&orderby=date&exposer=csv&mapper=inbcm-ibram&paged=,6409
15,"Não identificado, [16- e 17-]",16,Não identificado,,ferro fundido,,[16- e 17-],66,23,,23,,,,museudasmissoes_-_acervo-museologico,https://museudasmissoes.acervos.museus.gov.br/wp-json/tainacan/v2/collection/6409/items/?perpage=96&order=ASC&orderby=date&exposer=csv&mapper=inbcm-ibram&paged=,6409
16,"Escultura (fragmento), Busto, [16- e 17-]",17,Não identificado,02 Artes Visuais/Cinematográfica > 02.3 Escultura,cedro | madeira policromada,,[16- e 17-],31,14,,9,,"Busto de figura masculina em posição frontal com a cabeça levemente voltada para frente. Cabelos médios amarrados com três cachos nas laterais. Olhos abertos, nariz aquilino bem pronunciado e boca cerrada. O busto se encontra afixado em base em forma de flor-de-lis sob esfera ornada com folhas de acanto. Base do conjunto também arredondada.
",,museudasmissoes_-_acervo-museologico,https://museudasmissoes.acervos.museus.gov.br/wp-json/tainacan/v2/collection/6409/items/?perpage=96&order=ASC&orderby=date&exposer=csv&mapper=inbcm-ibram&paged=,6409
17,"Escultura religiosa, [Santana], [16- e 17-]",18,Não identificado,02 Artes Visuais/Cinematográfica > 02.3 Escultura,cedro | madeira policromada,,[16- e 17-],39,16,,"12,5","1,2","Figura feminina de pé na posição frontal, cabeça voltada para direita. Braços flexionados à frente carregando criança. Túnica longa e véu caindo até a base. Criança carregada apoiada no braço esquerdo da figura adulta, sem cabeça, mas corpo sugere se tratar de uma menina. Braços flexionados, sendo o direito para frente e o esquerdo segurando livro. Traja túnica longa que deixa os pés calçados aparentes. Base alta com decorações geométricas, com dois querubins concêntricos e espaço de encaixe de um terceiro no centro.",,museudasmissoes_-_acervo-museologico,https://museudasmissoes.acervos.museus.gov.br/wp-json/tainacan/v2/collection/6409/items/?perpage=96&order=ASC&orderby=date&exposer=csv&mapper=inbcm-ibram&paged=,6409
18,"Escultura religiosa, Santo Antônio de Pádua, [16- e 17-]",19,Não identificado,02 Artes Visuais/Cinematográfica > 02.3 Escultura,cedro | madeira policromada,,[16- e 17-],"34,5","12,5",,12,"0,75","Figura masculina de pé na posição frontal. Cabelos curtos com tonsura. Olhos amendoados, sobrancelhas curvas, boca esboçando leve sorriso. Braços flexionados para frente com as mãos estendidas segurando livro. Pernas retas. Trajando cogula atado à cintura por cordão duplo com nós e pontas até a altura do fim da batina. Pés próximos, abertos para fora, estilizados em forma quadrangular, descalços, sobre base arredondada. Na parte de trás o capuz da cogula é esculpido em baixo relevo e caimento da batina reto.",,museudasmissoes_-_acervo-museologico,https://museudasmissoes.acervos.museus.gov.br/wp-json/tainacan/v2/collection/6409/items/?perpage=96&order=ASC&orderby=date&exposer=csv&mapper=inbcm-ibram&paged=,6409
19,"Escultura religiosa, São Miguel Arcanjo, [16- e 17-]",20,Não identificado,02 Artes Visuais/Cinematográfica > 02.3 Escultura,cedro | madeira policromada,,[16- e 17-],"39,5","15,5",,"9,5","1,4","Figura masculina de pé na posição frontal. Cabelos longos caindo para trás em cachos. Sem o braço esquerdo e o direito levemente flexionado para frente, sem mão. Pernas retas em médio afastamento. Traja corpete verde com decote quadrado e barra com festonado estilizado, cinto em baixo relevo franzindo levemente o corpete à cintura. Saia curta com panejamento em pregas diagonais sugerindo movimento. Botas de cano longo com dedos à mostra. Base irregular. Parte de trás com marca
de restauração na altura das asas",,museudasmissoes_-_acervo-museologico,https://museudasmissoes.acervos.museus.gov.br/wp-json/tainacan/v2/collection/6409/items/?perpage=96&order=ASC&orderby=date&exposer=csv&mapper=inbcm-ibram&paged=,6409
20,"Escultura religiosa, Nossa Senhora da Conceição, [16- e 17-]",21,Não identificado,02 Artes Visuais/Cinematográfica > 02.3 Escultura,cedro | madeira policromada,,[16- e 17-],"42,5",17,,12,"2,5","Figura feminina de pé na posição frontal. Cabelos compridos até altura da cintura, bipartido caindo em mechas e estrias por sobre o manto. Sobrancelhas arqueadas, olhos abertos, nariz grosso e boca cerrada. Braços flexionados a frente na altura do peito com mãos postas em posição de prece. Túnica longa na cor branca, levemente franzida à cintura por cinto atado em nó com duas pontas pendentes. Manto escuro caindo simetricamente a partir dos ombros até a base. Pé direito para frente com dedos aparentes pisando serpente com globo na boca. Base em forma de nuvem na parte da frente. Parte de trás da base e da escultura retos.",,museudasmissoes_-_acervo-museologico,https://museudasmissoes.acervos.museus.gov.br/wp-json/tainacan/v2/collection/6409/items/?perpage=96&order=ASC&orderby=date&exposer=csv&mapper=inbcm-ibram&paged=,6409
21,"Escultura religiosa, Cristo Crucificado, [16- e 17-]",22,Não identificado,02 Artes Visuais/Cinematográfica > 02.3 Escultura,cedro | madeira policromada,,[16- e 17-],55,40,,13,"2,6","Figura masculina em posição frontal com a cabeça levemente voltada e caída para a direita. Cabelos longos e estriados caídos em pontas por sobre as costas. Olhos fechados e boca entreaberta, bigode e barba bipartida. Braços abertos com a mão direita sem os dedos. Braço esquerdo sem parte do antebraço e mão. Pernas levemente flexionadas, faltando parte do pé direito e perna esquerda a partir do joelho. Tanga com ponta sobressalente à direita. Chagas pintadas no peito. Parte de
trás esculpida com costelas aparentes e retas na altura da tanga.",,museudasmissoes_-_acervo-museologico,https://museudasmissoes.acervos.museus.gov.br/wp-json/tainacan/v2/collection/6409/items/?perpage=96&order=ASC&orderby=date&exposer=csv&mapper=inbcm-ibram&paged=,6409
22,"Escultura religiosa, Nossa Senhora da Conceição, [16- e 17-]",23,Não identificado,02 Artes Visuais/Cinematográfica > 02.3 Escultura,cedro | madeira policromada,,[16- e 17-],76,36,,26,"13,7","Figura Feminina de pé na posição frontal. Cabelos compridos até a cintura, repartidos ao meio e caídos em mechas e estrias sobre o manto. Orelhas a mostra, sobrancelhas arqueadas, olhos abertos, nariz aquilino e boca cerrada, pescoço longo e grosso. Sem mãos e pernas retas. Túnica longa e franzida na citura por cinto deixando apenas a ponta do pé esquerdo aparente, com resquicios da pintura mostrado decoração fitomorfa nas cores vermelha e azul e douramento. Manto no mesmo comprimento caíndo a partiro dos ombros. Parte de trás da escultura formando pregas uniformes e verticais. Cabelos grudados ao corpo caindo em estrias e mechas. Base em formato irregular de nuvem com três querubins concêntricos. Querubins com sobrancelhas arqueadas, olhos abertos, bocas semi abertas. Cabelos curtos puxado para trás em estrias e caíndo para o lado em caracol. Espécie de gola com pontas arredondadas em duas camadas e as asas das figuras laterais voltadas para baixo.
",,museudasmissoes_-_acervo-museologico,https://museudasmissoes.acervos.museus.gov.br/wp-json/tainacan/v2/collection/6409/items/?perpage=96&order=ASC&orderby=date&exposer=csv&mapper=inbcm-ibram&paged=,6409
23,"Escultura religiosa, São Pedro, [16- e 17-]",24,Não identificado,02 Artes Visuais/Cinematográfica > 02.3 Escultura,cedro | madeira policromada,,[16- e 17-],29,14,,11,"0,4","Figura masculina de pé na posição frontal. Cabelos curtos com entradas e pequeno topete na testa. Orelhas a mostra, sobrancelhas retas, olhos abertos, nariz desgastado, boca fechada, bigode e barba, pescoço longo e fino. Braços flexionados, direito para cima, para o lado, sem a mão e esquerdo para baixo faltando o antebraço. Perna direita levemente flexionada para frente, perna esquerda reta com o pé virado para fora. Traja túnica longa de mangas compridas e decote em fenda, franzido à cintura por cinto atado com nó caindo em duas pontas e segurando pequena bolsa do lado esquerdo. Capa envolvendo ombro direito e caindo pelas costas com as pontas soltas. Pés descalços e base arredondada, incompleta do lado esquerdo.",,museudasmissoes_-_acervo-museologico,https://museudasmissoes.acervos.museus.gov.br/wp-json/tainacan/v2/collection/6409/items/?perpage=96&order=ASC&orderby=date&exposer=csv&mapper=inbcm-ibram&paged=,6409
24,"Escultura religiosa, Santana, [16- e 17-]",25,Não identificado,02 Artes Visuais/Cinematográfica > 02.3 Escultura,cedro | madeira policromada,,[16- e 17-],28,10,,9,,"Figura feminina de pé na posição frontal. Cabelos aparentes por sobre o véu longo que vai até a altura dos pés com caimento reto e drapejado. Olhos abertos, nariz grande e boca pequena. Braços flexionados na altura do peito com as mãos postas em posição de prece. Pernas retas. Túnica branca, reta, com decorações fitomorfas caindo até a altura do tornozelo, atado à cintura por cinto na cor vermelho. Pés aparentes com dedos a mostra. Base redonda.",,museudasmissoes_-_acervo-museologico,https://museudasmissoes.acervos.museus.gov.br/wp-json/tainacan/v2/collection/6409/items/?perpage=96&order=ASC&orderby=date&exposer=csv&mapper=inbcm-ibram&paged=,6409
25,"Escultura religiosa, Santo Izidro, [16- e 17-]",26,Não identificado,02 Artes Visuais/Cinematográfica > 02.3 Escultura,cedro | madeira policromada,,[16- e 17-],28,10,,9,,"Figura masculina talhada em madeira, de corpo inteiro em pé na posição frontal. Sem braços e pés. Cabelos ondulados de comprimento médio caindo por sobre as costas e ombros. Vestes masculinas típicas do séc. XVIII com capa passando por sobre o ombro esquerdo e preso à cintura. Pare de trás com trabalho escultórico apenas nos cabelos. Demais área reta. Haste de metal do suporte fixa à peça através de pequeno orifício.",,museudasmissoes_-_acervo-museologico,https://museudasmissoes.acervos.museus.gov.br/wp-json/tainacan/v2/collection/6409/items/?perpage=96&order=ASC&orderby=date&exposer=csv&mapper=inbcm-ibram&paged=,6409
26,"Escultura religiosa, Nossa Senhora da Conceição, [16- e 17-]",27,Não identificado,02 Artes Visuais/Cinematográfica > 02.3 Escultura,cedro | madeira policromada,,[16- e 17-],57,26,,"17,5",,"Figura feminina de pé na posição frontal com a cabeça levemente voltada para cima. Cabelos longos bipartidos e caídos sobre o manto. Sobrancelhas arqueadas. Braços flexionados e mãos postas em posição de prece. Pernas direita levemente flexionada à frente com a ponta do pé calçado à mostra. Túnica na cor branca longa, com gola cinto e mangas ajustados. Manto azul na altura do joelho. Parte de trás da peça com caimento do panejamento reto. Base arredondada com sete querubins desgastados envolvidos por um relevo arredondado.",,museudasmissoes_-_acervo-museologico,https://museudasmissoes.acervos.museus.gov.br/wp-json/tainacan/v2/collection/6409/items/?perpage=96&order=ASC&orderby=date&exposer=csv&mapper=inbcm-ibram&paged=,6409
27,"Escultura religiosa, São Pedro, [16- e 17-]",28,Não identificado,02 Artes Visuais/Cinematográfica > 02.3 Escultura,arenito | pedra,,[16- e 17-],49,28,,19,17,"Figura masculina de pé em posição frontal. Cabelos curtos, cabeça calva com pequeno topete na testa, orelhas a mostra, olhos abertos, nariz desgastado, boca fechada, bigode e barba. Traja túnica longa caindo sobre pontas dos pés, franzida na cintura por cinto e gola redonda. Manto cobrindo o ombro esquerdo, meio das costas e envolvendo o corpo na altura das pernas, retornando ao ombro esquerdo e finalizando em ponta na parte de trás. Braços flexionados, direito para cima e esquerdo junto ao corpo segurando livro. Perna direita levemente flexionada para frente e esquerda reta. Pés com sandálias, sendo que o esquerdo tem as pontas dos dedos aparentes. Sem base.",,museudasmissoes_-_acervo-museologico,https://museudasmissoes.acervos.museus.gov.br/wp-json/tainacan/v2/collection/6409/items/?perpage=96&order=ASC&orderby=date&exposer=csv&mapper=inbcm-ibram&paged=,6409
28,"Escultura religiosa, Ego Sum [Deus Pai], [16- e 17-]",29,Não identificado,02 Artes Visuais/Cinematográfica > 02.3 Escultura,cedro | madeira policromada,,[16- e 17-],53,44,,20,"6,8","Busto de figura masculina em posição frontal. Olhar direcionado para frente, cabelos longos repartidos no meio em estrias caindo na altura do ombro com as pontas esvoaçantes. Orelha direita totalmente a mostra e esquerda parcialmente. Sobrancelhas arqueadas, olhos abertos, nariz aquilinos, boca cerrada, bigode e barba longos em pontas. Manto esverdeado com decote careca e pala com a inscrição ""EGO / SUM !"". Parte de trás totalmente lisa, sugerindo que a escultura seja um elemento decorativo.",,museudasmissoes_-_acervo-museologico,https://museudasmissoes.acervos.museus.gov.br/wp-json/tainacan/v2/collection/6409/items/?perpage=96&order=ASC&orderby=date&exposer=csv&mapper=inbcm-ibram&paged=,6409
29,"Escultura religiosa, São José, [16- e 17-]",30,Não identificado,02 Artes Visuais/Cinematográfica > 02.3 Escultura,cedro | madeira policromada,,[16- e 17-],"48,5",27,,22,4,"Figura masculina de pé, em posição frontal. Cabelos compridos caídos sobre os ombros e costas, em estrias, com pontas em caracol. Sobrancelhas arqueadas, olhos abertos, bigode e barba. Sem o braço direito e braço esquerdo flexionado segurando uma criança. Túnica terminando na altura do tornozelo, com reentrância que sugere uma bota. Perna direita voltada para trás e esquerda reta. Túnica curta, de mangas compridas, franzida e com decote redondo. Capa caindo pelo ombro esquerdo e meio das costas passando à direita pela altura da cintura em direção ao braço esquerdo e finalizando em ponta na lateral esquerda. Somente tronco da criança, envolta por tanga. Sem base.",,museudasmissoes_-_acervo-museologico,https://museudasmissoes.acervos.museus.gov.br/wp-json/tainacan/v2/collection/6409/items/?perpage=96&order=ASC&orderby=date&exposer=csv&mapper=inbcm-ibram&paged=,6409
30,"Escultura (fragmento), cabeça, [16- e 17-]",31,Não identificado,02 Artes Visuais/Cinematográfica > 02.3 Escultura,arenito | pedra,,[16- e 17-],"23,5",18,,"24,5","10,5","Cabeça com cabelos puxados para trás em estrias e mechas. Rosto oval, sobrancelhas arqueadas, olhos abertos, nariz aquilino e boca fechada esboçando leve sorriso. Parte de trás com pequeno orifício no meio e lisa, não sendo possível identificar se é por desgaste natural da peça ou por não ter sido esculpida em sua totalidade.",,museudasmissoes_-_acervo-museologico,https://museudasmissoes.acervos.museus.gov.br/wp-json/tainacan/v2/collection/6409/items/?perpage=96&order=ASC&orderby=date&exposer=csv&mapper=inbcm-ibram&paged=,6409
31,"Escultura religiosa, São Francisco Xavier, [16- e 17-]",32,Não identificado,02 Artes Visuais/Cinematográfica > 02.3 Escultura,cedro | madeira policromada,,[16- e 17-],42,18,,16,3,"Figura masculina posição frontal e cabeça levemente voltada para direita e para baixo. Cabelos curtos com tonsura, barba e bigode, olhos abertos e boca fechada faltando o nariz. Braços flexionados, sendo o direito à frente na altura da cintura e o esquerdo elevado acima. Hábito com gola clerical, mangas longas, sobrepeliz e estola. Panejamento sugere figura em movimento. Pés calçados e separados. Parte de trás da escultura com panejamento drapejado com caimento reto. Base arredondada.
",,museudasmissoes_-_acervo-museologico,https://museudasmissoes.acervos.museus.gov.br/wp-json/tainacan/v2/collection/6409/items/?perpage=96&order=ASC&orderby=date&exposer=csv&mapper=inbcm-ibram&paged=,6409
32,"Escultura religiosa, Santa Tereza, [16- e 17-]",33,Não identificado,02 Artes Visuais/Cinematográfica > 02.3 Escultura,cedro | madeira policromada,,[16- e 17-],18,9,,7,"0,2","Figura feminina de pé na posição frontal e cabeça levemente voltada para direita. Véu cobrindo a cabeça indo até o meio das costas. Braços flexionados, sendo o direito com a mão no peito e o esquerdo para frente. Hábito branco e manto longo preso na altura do pescoço com pregas na vertical e escapulário. Pés calçados sobre base arredondada.
",,museudasmissoes_-_acervo-museologico,https://museudasmissoes.acervos.museus.gov.br/wp-json/tainacan/v2/collection/6409/items/?perpage=96&order=ASC&orderby=date&exposer=csv&mapper=inbcm-ibram&paged=,6409
33,"Escultura religiosa, [Santo Expedito], [16- e 17-]",34,Não identificado,02 Artes Visuais/Cinematográfica > 02.3 Escultura,madeira policromada,,[16- e 17-],17,6,,23,,"Figura masculina de pé na posição frontal. Cabelos longos em mechas com as pontas em caracóis, orelha direita a mostra. Braços flexionados, sendo o direito para frente e o esquerdo junto ao corpo, segurando as pontas do manto. Pernas semi-abertas, com filetes marrons na altura dos joelhos.Túnica curta com barra festonada e cinto. Manto caindo pelo ombro esquerdo, envolvendo o corpo e passando pela altura da cintura até acabar em ponta virada para cima sob o braço esquerdo. Pés
descalços em formato quadrangular. Base retangular com ângulos batidos.",,museudasmissoes_-_acervo-museologico,https://museudasmissoes.acervos.museus.gov.br/wp-json/tainacan/v2/collection/6409/items/?perpage=96&order=ASC&orderby=date&exposer=csv&mapper=inbcm-ibram&paged=,6409
34,"Escultura religiosa, São Gabriel, [16- e 17-]",35,Não identificado,02 Artes Visuais/Cinematográfica > 02.3 Escultura,cedro | madeira policromada,,[16- e 17-],67,35,,23,," Figura de pé na posição frontal com a cabeça levemente inclinada para a direita. Cabelos longos, bipartidos, estriados e caídos nas costas em mechas e pontas, sobrancelhas retas, olhos baixos, nariz reto, boca cerrada e orelha esquerda à mostra. Braços flexionado sendo o direito para frente e o esquerdo para cima. Pernas flexionadas, sendo a direita na ponta do pé e a esquerda levemente erguida. Veste cota com mangas curtas e largas formando franzido, decote com gola redonda e botão frontal levemente drapejada e franzida à cintura por cinto. Saia longa arrebanhada na perna direita, encimada por roseta. Na parte de trás da saia. Pequena haste não entalhada da própria madeira que une a imagem à base e espaço onde deveriam estar fixada as asas. Pés descalços. Base arredondada. ",,museudasmissoes_-_acervo-museologico,https://museudasmissoes.acervos.museus.gov.br/wp-json/tainacan/v2/collection/6409/items/?perpage=96&order=ASC&orderby=date&exposer=csv&mapper=inbcm-ibram&paged=,6409
35,"Escultura religiosa, [Santana], [16- e 17-]",36,Não identificado,02 Artes Visuais/Cinematográfica > 02.3 Escultura,cedro | madeira,,[16- e 17-],125,81,,72,133,"Figura feminina sentada com a cabeça voltada para cima. Cabelos longos repartidos ao meio mechas caindos por sobre os ombros e pelas costas. Olhos e bocas semi-abertos e fisionomia jovem. Braços flexionados e abertos. Túnica com mangas longas franzido na cintura por cinto. Manto preso nos ombros caindo por sobre as pernas formando panejamento farto com ondulações. Parte de trás seguindo mesmas caracteristicas esculturais da parte da frente, faltando uma parte. Base em forma de nuvem.",,museudasmissoes_-_acervo-museologico,https://museudasmissoes.acervos.museus.gov.br/wp-json/tainacan/v2/collection/6409/items/?perpage=96&order=ASC&orderby=date&exposer=csv&mapper=inbcm-ibram&paged=,6409
36,"Escultura religiosa, Santo Estanislau Kostka, [17-]",37,José Brasanelli (atribuído),02 Artes Visuais/Cinematográfica > 02.3 Escultura,cedro | madeira policromada,,[17-],170,58,,37,,"Figura masculina de pé na posição frontal com cabeça e corpo levemente inclinados para a direita. Cabelos curtos repartidos no lado direito caindo em mechas, ponta das orelhas a mostra, sobrancelhas arqueadas, olhos abertos, boca sorridente e pescoço curto. Falta braço esquerdo e direito flexionado junto ao peito. Mão direita sem os dedos. Perna direita levemente flexionada para frente e esquerda reta. Pés calçados separados e virados para fora. Traja batina preta franzida à cintura por cinto com fecho e gola clerical. Parte de trás com concavidade dividida em duas partes. A primeira vai da altura da axila até a cintura, acima da faixa do cinto e a segunda da cintura abaixo da linha do cinto até o final da escultura. Escultura sem base.",,museudasmissoes_-_acervo-museologico,https://museudasmissoes.acervos.museus.gov.br/wp-json/tainacan/v2/collection/6409/items/?perpage=96&order=ASC&orderby=date&exposer=csv&mapper=inbcm-ibram&paged=,6409
37,"Escultura religiosa, São Miguel Arcanjo, [16- e 17-]",38,Não identificado,02 Artes Visuais/Cinematográfica > 02.3 Escultura,cedro | madeira policromada,,[16- e 17-],116,62,,33,"22,5","Figura masculina em posição de vôo com cabeça levemente voltada para direita. Cabelos longos e em mechas caídos para trás. Olhos semifechados e nariz aquilino. Braço direito flexionado para cima em direção ao ombro esquerdo e braço esquerdo flexionado para baixo. Perna direita flexionada para trás e a esquerda flexionada para frente. Traja corpete com decote quadrado e pontas sugerindo saiote estilizado com tarja em listras diagonais. Cava com pontas festonadas e cinto com padronagem de listras diagonais. Faixa saindo do ombro direito até a cintura em diagonal. Saia curta com panejamento esvoaçante formando pequena cauda do lado direito e entrando por entre as pernas. Capa nas costas caindo pelo ombro e braço esquerdo com ponta pendurada no braço direito. Calça botas longas com uma tarja na vertical e outra na diagonal, ornada por roseta central na orla. Sem os pés, base e na parte de trás, espaço de asas faltantes.",,museudasmissoes_-_acervo-museologico,https://museudasmissoes.acervos.museus.gov.br/wp-json/tainacan/v2/collection/6409/items/?perpage=96&order=ASC&orderby=date&exposer=csv&mapper=inbcm-ibram&paged=,6409
38,"Escultura religiosa, Cristo Crucificado, [16- e 17-]",39,Não identificado,02 Artes Visuais/Cinematográfica > 02.3 Escultura,cedro | madeira,,[16- e 17-],104,45,,18,24,"Dorso de figura masculina com cabeça levemente voltada para a direita. Cabelos longos em estrias, caídos em cachos sobre as costas e os ombros. Olho direito, nariz e boca queimados.",,museudasmissoes_-_acervo-museologico,https://museudasmissoes.acervos.museus.gov.br/wp-json/tainacan/v2/collection/6409/items/?perpage=96&order=ASC&orderby=date&exposer=csv&mapper=inbcm-ibram&paged=,6409
39,"Escultura religiosa, Santo Isidro, [16- e 17-]",40,Não identificado,02 Artes Visuais/Cinematográfica > 02.3 Escultura,cedro | madeira policromada,,[16- e 17-],183,70,,63,94,"Figura masculina de pé, posição frontal, com a cabeça voltada para a direita. Cabelos longos, bipartidos, encaracolados nas pontas e caídos sobre ombros e costas. Orelha esquerda aparente, sobrancelhas arqueadas, olhos abertos voltados para cima, nariz aquilino, boca cerrada, bigode e barba. Braço esquerdo voltado para cima com a mão ergida indicando que segurava algo e direita flexionada com a mão posta sobre o peito. Pernas retas com os pés voltados para fora. Traja casaco com treze botões, gola redonda franzida e com pontas arredondadas. Fita (debrum) ornando cava e barra da manga, esta comprida com três botões no punho. Casaco com a ponta direita virada. Manto caindo das costas pelo ombro esquerdo e abaixo do direito. Panejamento esvoaçante. Cinto com fivela decorada. Culote com barra italiana. Joelhos a mostra. Bota de cano longo com fita decorando a orla caida em duas pontas.Parte de trás esculpida seguindo estilo da parte frontal com destaque para o cabelo caindo nas costas em mecha com as pontas encaracoladas e panejamento do manto seguindo o movimento do braço levantado.Base arredondada",,museudasmissoes_-_acervo-museologico,https://museudasmissoes.acervos.museus.gov.br/wp-json/tainacan/v2/collection/6409/items/?perpage=96&order=ASC&orderby=date&exposer=csv&mapper=inbcm-ibram&paged=,6409
40,"Escultura religiosa, Santo Isidro, [16- e 17-]",41,Não identificado,02 Artes Visuais/Cinematográfica > 02.3 Escultura,cedro | madeira policromada,,[16- e 17-],146,54,,36,30,"Figura masculina de pé com a cabeça voltada para a esquerda. Cabelos curtos em mechas, orelhas aparentes, sobrancelhas arqueadas olhos abertos, barba e bigode em pontas. Braços voltados para baixo junto ao corpo. Pernas levemente flexionadas. Casaco aberto na frente até a cintura com três casas aparentes e franzidos, gola redonda bipartida com pontas arredondadas. Pantalonas curtas. Manto caindo pelo ombro direito, com pontas caídas na frente. Cinto torcido. Pés voltados para
fora, calçando botas cujas pontas são escondidas pela pantalona. Na parte de trás, concavidade com tampa em toda extenção do manto. Base arredondada.",,museudasmissoes_-_acervo-museologico,https://museudasmissoes.acervos.museus.gov.br/wp-json/tainacan/v2/collection/6409/items/?perpage=96&order=ASC&orderby=date&exposer=csv&mapper=inbcm-ibram&paged=,6409
41,"Escultura religiosa, Anjo, [16- e 17-]",42,Não identificado,02 Artes Visuais/Cinematográfica > 02.3 Escultura,cedro | madeira policromada,,[16- e 17-],148,48,,40,"41,5","Figura de pé com a parte superior do corpo em posição frontal e parte inferior voltada para a direita. Cabelos longos e esvoaçantes em mechas e partido no meio. Olhar para baixo, olhos semiabertos, sobrancelhas arqueadas, nariz aquilino, boca pequena cerrada faltando lábio inferior. Pescoço longo e fino. Braço direito voltado para cima e esquerdo voltado para baixo. Túnica com decote redondo com tarja e franzido por cinto com meio laço caindo em duas pontas, deixando parte de baixo das pernas a mostra. Perna direita reta e esquerda flexionada. Pés descalços voltados para direita. Pé esquerdo apenas com as pontas dos dedos apoiados na base. Parte de trás esculpida de acordo com o caimento da túnica e com espaço onde seriam fixadas as asas. Base arredondada, com relevos e depressões.",,museudasmissoes_-_acervo-museologico,https://museudasmissoes.acervos.museus.gov.br/wp-json/tainacan/v2/collection/6409/items/?perpage=96&order=ASC&orderby=date&exposer=csv&mapper=inbcm-ibram&paged=,6409
42,"Escultura religiosa, São José de Botas, [16- e 17-]",43,Não identificado,02 Artes Visuais/Cinematográfica > 02.3 Escultura,cedro | madeira policromada,,[16- e 17-],150,66,,50,"104,2","Figura Masculina de pé posição frontal carregando menino com o braço esquerdo. Cabelos longos em mechas, camadas e pontas encaracoladas caindo sobre as costas. Sobrancelhas arqueadas, olhos baixos, nariz aquilino. Bigode e barba sendo que a última tem a ponta bipartida. Parte da orelha direira a mostra. Braços flexionados. Direito voltado para cima (sem a mão) e o esquerdo voltado para o peito carregando o menino. Pernas semi-abertas. Direita com o pé voltado para fora e levemente flexionado e esquerda reta. Túnica curta franzida, de mangas compridas, decote e golas arredondadas. Manto caindo das costas por sob o braço esquerdo e por baixo do menino terminando em ponta do lado esquerdo. A outra parte do manto cai até a base formando uma espécie de capa. Traja também saiote na altura do joelho e calça botas compridas com tarja na orla. O menino encontra-se sentado sob o braço com pés apoiados no manto, de perfil, olhando para a figura que o carrega, envolto apenas por tanga em volta da cintura. Cabelos curtos encaracolados e olhar voltado para cima. Parte de trás da escultura sem trabalho escultórico. Base circular e achatada.",,museudasmissoes_-_acervo-museologico,https://museudasmissoes.acervos.museus.gov.br/wp-json/tainacan/v2/collection/6409/items/?perpage=96&order=ASC&orderby=date&exposer=csv&mapper=inbcm-ibram&paged=,6409
43,"Escultura religiosa, São Gabriel, [16- e 17-]",44,Não identificado,02 Artes Visuais/Cinematográfica > 02.3 Escultura,cedro | madeira policromada,,[16- e 17-],129,49,,41,50,"Figura de fisionomia jovem, em pé na posição frontal, com a cabeça voltada para direita e para baixo. Cabelos longos em mechas com pontas encaracoladas caindo sobre as costas. Sobrancelhas arqueadas, olhos semi-abertos, voltados para baixo, nariz aquilino, boca fechada. Pescoço curto e grosso, braços flexionados para frente. Pernas em afastamento diagonal, sendo que a direita está levemente flexionada para frente. Traja blusa com decote arredondado finalizado por tarja na cor rosa, cinto com decoração em relevo na cor marrom. Saia longa com sobresaia franzida e fenda na perna direita na cor azul. Capa vermelha presa pelas pontas por camafeu na altura do peito. Pés descalços. Parte de trás lisa mas com diferenciação entre a capa e a saia. Base arredondada",,museudasmissoes_-_acervo-museologico,https://museudasmissoes.acervos.museus.gov.br/wp-json/tainacan/v2/collection/6409/items/?perpage=96&order=ASC&orderby=date&exposer=csv&mapper=inbcm-ibram&paged=,6409
44,"Escultura religiosa, Anjo, [16- e 17-]",45,Não identificado,02 Artes Visuais/Cinematográfica > 02.3 Escultura,cedro | madeira policromada,,[16- e 17-],93,75,,39,"23,5","Figura em posição frontal. Cabeça levemente voltada para a esquerda, cabelos na nuca, caídos em mechas com as pontas encaracoladas. Sobrancelhas arqueadas, nariz aquilino, parte das orelhas a mostra. Pescoço longo e fino. Braços flexionados para os lados e para cima com as mãos soltas e espalmadas. Perna direita flexionada com pé voltado para fora e esquerda voltada para trás. Nas costas duas asas com quatro camadas de penas sobrepostas, e voltadas para baixo. Túnica franzida na cintura com decote e golas arredondadas, sendo que a última é bipartida formando babado, e mangas largas caídas na altura do cotovelo. Na parte de trás, às asas são lisas e estão unidas por placa de metal. O restante segue padrão escultórico da parte da frente, com panejamento da túnica esvoaçante. Pés
descalços sobre base arredondada em forma de nuvem.",,museudasmissoes_-_acervo-museologico,https://museudasmissoes.acervos.museus.gov.br/wp-json/tainacan/v2/collection/6409/items/?perpage=96&order=ASC&orderby=date&exposer=csv&mapper=inbcm-ibram&paged=,6409
45,"Escultura religiosa, Anjo, [16- e 17-]",46,Não identificado,02 Artes Visuais/Cinematográfica > 02.3 Escultura,cedro | madeira policromada,,[16- e 17-],93,75,,39,,"Figura infantil na posição frontal na parte superior do corpo e em genuflexão lateral na parte inferior. Rosto oval, cabelos curtos encaracolados, sobrancelhas arqueadas, olhos semi-abertos, nariz aquilino e boca cerrada. Braços flexionado sendo o direito para cima e o esquerdo com a mão em direção à boca. Pernas em genuflexão, voltada para a esquerda. Traja túnica longa com mangas ¾, decote redondo contornado por tarja e cintura franzida por cinto. Pé descalço aparente na lateral esquerda. O outro pé e coberto pela túnica terminada em volutas. Às costas, asas com penas voltadas para baixo em várias camadas.",,museudasmissoes_-_acervo-museologico,https://museudasmissoes.acervos.museus.gov.br/wp-json/tainacan/v2/collection/6409/items/?perpage=96&order=ASC&orderby=date&exposer=csv&mapper=inbcm-ibram&paged=,6409
46,"Escultura religiosa, Anjo, [16- e 17-]",47,Não identificado,02 Artes Visuais/Cinematográfica > 02.3 Escultura,cedro | madeira policromada,,[16- e 17-],121,43,,27,"35,5","Figura de pé, posição frontal, cabeça reta, cabelos longos caídos nos ombros e costas em mechas. Fisionomia jovem, sobrancelhas arqueadas, olhos baixos, nariz aquilino e boca cerrada. Pontas das orelhas aparentes e pescoço curto e grosso. Perna direita com joelho levemente flexionado. Perna esquerda reta. Parte do dorso direito aparente e esquerdo envolto em panejamento que cai a partir do ombro esquerdo até as pernas e semi preso por nó na cintura. Pés afastados faltando asas.",,museudasmissoes_-_acervo-museologico,https://museudasmissoes.acervos.museus.gov.br/wp-json/tainacan/v2/collection/6409/items/?perpage=96&order=ASC&orderby=date&exposer=csv&mapper=inbcm-ibram&paged=,6409
47,"Escultura religiosa, Nossa Senhora das Dores, [16- e 17-]",48,Não identificado,02 Artes Visuais/Cinematográfica > 02.3 Escultura,cedro | madeira policromada,,[16- e 17-],138,48,,42,"47,2","Figura feminina de pé em posição frontal com a cabeça voltada para a esquerda e para cima, cabelos longos, coberto por véu, repartido no meio e caído em mechas. Sobrancelhas retas, olhos semi-abertos e olhar para cima. Nariz aquilino, boca entreaberta com dentes esculpidos, queixo quebrado e pescoço grosso. Braços flexionados para frente na altura do peito em posição de súplica (dedos entrelaçados). Perna direita levemente flexionada para frente e esquerda reta. Túnica longa, franzida por cinto e mangas ajustadas aos braços. Manto envolvendo o corpo, caindo do ombro esquerdo pelas costas e lateralmente até abaixo do joelho. Do lado oposto, desce do ombro [direito] até os flancos, subindo em direção à cintura do lado esquerdo, passando por baixo do braço e caindo em ponta um pouco acima do
joelho esquerdo. Pés em médio afastamento, levemente voltados para fora, calçando sapatos. Parte de trás seguindo padrão escultórico da parte frontal, deixando em evidência pontas dos cabelos a mostra por debaixo do véu e drapejado do manto ao circundar o corpo. Base arredondada.",,museudasmissoes_-_acervo-museologico,https://museudasmissoes.acervos.museus.gov.br/wp-json/tainacan/v2/collection/6409/items/?perpage=96&order=ASC&orderby=date&exposer=csv&mapper=inbcm-ibram&paged=,6409
48,"Escultura religiosa, Ascensão do Senhor, [16- e 17-]",49,Não identificado,02 Artes Visuais/Cinematográfica > 02.3 Escultura,cedro | madeira policromada,,[16- e 17-],156,55,,40,53,"Figura masculina de pé em posição frontal. Cabeça voltada para a esquerda cabelos longos, caídos em mechas nos ombros e nas costas. Sem rosto, no local concavidade sugerindo peça encaixada. Sem braços. Pela posição sugere que estes seriam flexionados. Pernas flexionadas com os joelhos para cima. Corpo com o tórax a mostra mamilos aparentes e ventre levemente protuberante. Manto descendo pelo ombro direito até abaixo da cintura em ponta e pelo meio das costas até o lado direito da imagem passando pela cintura e cobrindo totalmente as pernas. Pés descalços apoiados nas cabeças de dois dos três querubins concêntricos que ornam a base em forma de nuvem. Querubins com cabelos curtos em mechas e ponta caída na testa. Sobrancelhas arqueadas, olhos abertos, nariz arrebitado e boca fechada. Parte das orelhas a mostra. Pescoço atarracado e asas nas pontas, sendo que o querubim central possui asas fechadas para baixo. Parte de trás côncava.",,museudasmissoes_-_acervo-museologico,https://museudasmissoes.acervos.museus.gov.br/wp-json/tainacan/v2/collection/6409/items/?perpage=96&order=ASC&orderby=date&exposer=csv&mapper=inbcm-ibram&paged=,6409
49,"Escultura religiosa, Nossa Senhora, [17-]",50,Não identificado,02 Artes Visuais/Cinematográfica > 02.3 Escultura,cedro | madeira policromada,,[17-],128,60,,52,36,"Figura feminina de pé na posição frontal. Cabeça levemente voltada para a direita, cabelos longos, soltos e caídos entre o rosto e o véu. Rosto oval, sobrancelhas arqueadas, olhos abertos, nariz aquilino e boca cerrada. Braços flexionados para frente com as mãos espalmadas. Véu formando gola drapejada abaixo do pescoço. Túnica longa franzida à cintura por cinto e formando franzido no caimento junto aos pés, deixando a mostra decoração fitomorfa em relevo na borda do panejamento,
mangas compridas e ajustadas aos braços. Manto envolvendo o corpo, caindo por trás do ombro direito e passando pela frente, abaixo da cintura, formando uma diagonal com o ombro e o braço esquerdos. Pés levemente abertos, calçados. Parte de trás com concavidade que vai da altura dos ombros até a altura dos pés, sem tampo. Base arredondada em formato de nuvem.",,museudasmissoes_-_acervo-museologico,https://museudasmissoes.acervos.museus.gov.br/wp-json/tainacan/v2/collection/6409/items/?perpage=96&order=ASC&orderby=date&exposer=csv&mapper=inbcm-ibram&paged=,6409
50,"Escultura religiosa, Santo Antônio de Pádua, [16- e 17-]",51,Não identificado,02 Artes Visuais/Cinematográfica > 02.3 Escultura,cedro | madeira policromada,,[16- e 17-],153,"58,5",,56,"81,5","Figura Masculina, de pé em posição frontal com cabeça levemente voltada para a direita e para baixo. Cabelos curtos com tonsura. Rosto triângular, orelhas a mostra, sobrancelhas arqueadas, olhos abertos, nariz aquilino, boca cerrada e pescoço fino. Braços direito flexionado para a esquerda na altura da cintura, sugerindo carregar algo, esquerdo voltado para baixo com a mão espalmada. Pernas levemente flexionadas, com joelho esquerdo para frente traja cogula (indumentária de monge benedito) com cordão duplo na cintura. Parte de trás da escultura completa, apresentando o capuz da cogula e amarração do cinto. Pé esquerdo com dedos a mostra sobre base de formato irregular.",,museudasmissoes_-_acervo-museologico,https://museudasmissoes.acervos.museus.gov.br/wp-json/tainacan/v2/collection/6409/items/?perpage=96&order=ASC&orderby=date&exposer=csv&mapper=inbcm-ibram&paged=,6409
51,"Escultura religiosa, São José com Menino, [16- e 17-]",52,Não identificado,02 Artes Visuais/Cinematográfica > 02.3 Escultura,araucária | madeira policromada,,[16- e 17-],192,85,,57,,"Figura Masculina de pé, posição frontal, cabelos compridos caindo sobre as costas em pontas. Sobrancelhas arqueadas, olhos voltados para baixo, nariz afilado e boca entreaberta. Ponta das orelhas aparentes. Bigode fino e barba. Braços flexionados. O direito carregando o menino, com mão sugerida por baixo do manto e o esquerdo para frente com a mão espalmada. Perna direita levemente flexionada para frente e esquerda reta. Túnica curta de cor branca, franzida por cinto em forma de corda na cor amarela, de mangas compridas com decote careca e barra com recortes arredondados (tipo bordado festonê). Manto na cor verde, amarrado com nó, no ombro esquerdo, envolvendo o corpo, cortando a túnica em diagonal na frente e formando uma espécie de capa até a base. Calça sapatos fechados e trabalho escultural sugere o uso de meia. Menino em posição lateral sentado no braço, rosto voltado para cima. Traja túnica longa na cor branca presa a cintura com cinta de cor vermelha. Cabelos curtos e pretos. Olhar voltado para a figura que o carrega. Parte de trás com concavidade que vai da altura das costas até o fim da túnica. Base arredondada e lisa.",,museudasmissoes_-_acervo-museologico,https://museudasmissoes.acervos.museus.gov.br/wp-json/tainacan/v2/collection/6409/items/?perpage=96&order=ASC&orderby=date&exposer=csv&mapper=inbcm-ibram&paged=,6409
52,"Escultura religiosa, Anjo, [16- e 17-]",55,Não identificado,02 Artes Visuais/Cinematográfica > 02.3 Escultura,cedro | madeira policromada,,[16- e 17-],"62,5",54,,24,"6,5","Figura infantil em posição frontal, com cabeça voltada para a esquerda e para cima. Cabelos curtos em mechas com as pontas encaracoladas. Sobrancelhas arqueadas, olhos abertos nariz achatado, boca cerrada e pescoço grosso e curto. Corpo coberto por panejamento na altura da cintura. Braços abertos para os lados com a mão espalmadas. Umbigo aparente em ponto. Pernas flexionadas como se a figura estivesse sentada. Pés descalços. Na parte de trás destaque para aréa onde deveriam estar fixadas as asas, côncavo sem tampa logo abaixo das asas e panejamento que envolve a cintura não vai até as nádegas da escultura.",,museudasmissoes_-_acervo-museologico,https://museudasmissoes.acervos.museus.gov.br/wp-json/tainacan/v2/collection/6409/items/?perpage=96&order=ASC&orderby=date&exposer=csv&mapper=inbcm-ibram&paged=,6409
53,"Escultura religiosa, Anjo, [16- e 17-]",56,Não identificado,02 Artes Visuais/Cinematográfica > 02.3 Escultura,cedro | madeira policromada,,[16- e 17-],"62,5",54,,24,"6,5","Figura infantil em posição frontal com a cabeça levemente voltada para baixo. Cabelo curtos em mechas e pontas encaracoladas, sobrancelhas retas, olhos abertos com olhar voltado para baixo, nariz aquilino sem a ponta e boca cerrada. Corpo seminu com braços flexionados para os lados, faltando antebraço esquerdo e dedos da mão direita. Ventre protuberante com umbigo aparente. Pernas flexionada sendo a direita voltada para trás e a esquerda para o lado esquerdo. Tanga com pouco
panejamento envolvendo as virilhas, pés descalços. Na parte de trás, dois ganchos apostos para fixação da obra à parede no lugar das asas e um terceiro nas ádegas e pequeno orifício no mio das costas provavelmente para fixação de elemento.",,museudasmissoes_-_acervo-museologico,https://museudasmissoes.acervos.museus.gov.br/wp-json/tainacan/v2/collection/6409/items/?perpage=96&order=ASC&orderby=date&exposer=csv&mapper=inbcm-ibram&paged=,6409
54,"Escultura religiosa, Anjo, [16- e 17-]",57,Não identificado,02 Artes Visuais/Cinematográfica > 02.3 Escultura,cedro | madeira policromada,,[16- e 17-],36,33,15.0,,2,"Figura infantil em posição frontal com a cabeça levemente voltada para esquerda. Cabelos curtos e encaracolados, sobrancelhas arqueadas, olhos abertos, nariz achatado, boca cerrada. Corpo seminu com tanga cujo panejamento tem ponta pendurada no braço direito. Braços flexionado sendo o direito para o lado e para cima e o esquerdo para baixo e para a esquerda segurando o panejamento da tanga. Ventre protuberante com umbigo aparente. Pernas flexionadas, voltadas para o lado esquerdo e pés descalços. Na parte de trás gancho de metal aposto para fixação na parede, locais das asas com preenchimento.",,museudasmissoes_-_acervo-museologico,https://museudasmissoes.acervos.museus.gov.br/wp-json/tainacan/v2/collection/6409/items/?perpage=96&order=ASC&orderby=date&exposer=csv&mapper=inbcm-ibram&paged=,6409
55,"Escultura religiosa, Querubim, [16- e 17-]",58,Não identificado,02 Artes Visuais/Cinematográfica > 02.3 Escultura,cedro | madeira policromada,,[16- e 17-],27,34,17.0,,"2,2","Cabeça infantil na posição frontal levemente voltada para baixo. Cabelos em mechas e encaracolados, sobrancelhas arqueadas, olhos abertos com o olhar voltado para baixo, nariz com narinas abertas, boca com lábios levemente abertos e queixo redondo. Pescoço atarracado envolvido por colar com onze penas. Parte de trás se trabalho escultórico, com orifício que sugere que a peça fazia parte de um conjunto.",,museudasmissoes_-_acervo-museologico,https://museudasmissoes.acervos.museus.gov.br/wp-json/tainacan/v2/collection/6409/items/?perpage=96&order=ASC&orderby=date&exposer=csv&mapper=inbcm-ibram&paged=,6409
56,"Escultura religiosa, Menino Jesus, [16- e 17-]",59,Não identificado,02 Artes Visuais/Cinematográfica > 02.3 Escultura,cedro | madeira policromada,,[16- e 17-],60,20,,17,,"Figura de menino de pé na posição frontal com a cabeça levemente voltada para baixo. Cabelos curtos, pontas encaracoladas e pequeno topete na testa, sobrancelhas arqueadas, olhos abertos, nariz levemente achatado. Sem braços, ventre protuberante. Corpo seminu com tanga pintada. Pernas retas sem pés. Na parte de trás, gancho de metal aposto para fixação na parede. Trabalho escultórico evidenciando parte de baixo das nádegas.",,museudasmissoes_-_acervo-museologico,https://museudasmissoes.acervos.museus.gov.br/wp-json/tainacan/v2/collection/6409/items/?perpage=96&order=ASC&orderby=date&exposer=csv&mapper=inbcm-ibram&paged=,6409
57,"Escultura religiosa, Menino Jesus, [16- e 17-]",60,Não identificado,02 Artes Visuais/Cinematográfica > 02.3 Escultura,cedro | madeira policromada,,[16- e 17-],"69,5","18,5",,15,,"Figura de menino de pé na posição frontal. Cabelos curtos e encaracolados nas pontas deixando orelhas a mostra, sobrancelhas arqueadas, olhos abertos, nariz aquilino, boca cerrada e queixo marcado. Sem braços, ventre protuberante, nádegas arredondadas, sexo esculpido. Perna direita levemente flexionada, esquerda reta, faltando o pé direito e perna esquerda sem parte da canela.",,museudasmissoes_-_acervo-museologico,https://museudasmissoes.acervos.museus.gov.br/wp-json/tainacan/v2/collection/6409/items/?perpage=96&order=ASC&orderby=date&exposer=csv&mapper=inbcm-ibram&paged=,6409
58,"Escultura religiosa, Menino Jesus, [16- e 17-]",61,Não identificado,02 Artes Visuais/Cinematográfica > 02.3 Escultura,cedro | madeira policromada,,[16- e 17-],62,25,,22,,"Figura de menino de pé na posição frontal. Cabelos curtos deixando orelhas a mostra, olhos abertos, nariz pequeno e arrebitado, boca cerrada. Braço esquerdo lexionado para frente com a mão aberta sem os dedos. Braço direito também flexionado para cima, mas sem o antebraço. Corpo nu, ventre protuberante com umbigo aparente, nádegas arredondadas, sexo esculpido. Perna direita levemente flexionada e esquerda reta. Sem os pés a partir dos calcanhares.",,museudasmissoes_-_acervo-museologico,https://museudasmissoes.acervos.museus.gov.br/wp-json/tainacan/v2/collection/6409/items/?perpage=96&order=ASC&orderby=date&exposer=csv&mapper=inbcm-ibram&paged=,6409
59,"Escultura religiosa, Nossa Senhora da Conceição, [16- e 17-]",62,José Brasanelli (atribuído),02 Artes Visuais/Cinematográfica > 02.3 Escultura,cedro | madeira policromada,,[16- e 17-],210,102,,75,450,"Figura feminina de pé em posição frontal. Cabeça levemente voltada para cima. Olhar voltado para cima, sobrancelha reta, nariz aquilino, boca entreaberta oca e com os dentes esculpidos. Cabelos longos e soltos, caídos por sobre os ombros de forma a sugerir que eles estão semi-presos na altura final do pescoço e cobertos por touca de flores. Pescoço longo e fino. Braço direito flexionado em direção ao peito e o esquerdo flexionado para frente, ambos sem as mãos. Perna direita flexionada para frente e para o lado direito, pé aparente calçando sandália e apoiado no corpo da serpente que envolve a bzse. Perna esquerda sugere flexão para a parte de trás como se apoiasse o joelho em parte não mais existente da escultura. Traja túnica longa verde com decote redondo circundado por tarja amarela e franzida por cinto de cor amarela atado por nó na parte frontal. Na barra da túnica acabamento em relevo formando tarja da mesma cor da túnica. Manto caindo das costas por sobre os ombros, formando panejamento farto e volumoso em tom de verde mais escuro que o da túnica. No lado direito da imagem
abraçado à cintura , um menino em posição lateral cabeça voltada para a direta com cabelos curtos e loiros em mechas, sobrancelhas arqueadas, olhos semi-abertos, nariz aquilino e boca semi-aberta. Parte de trás com côncavo sem tampa que vai da altura dos ombros até o final da túncia. Base arredondada lisa com serpente esculpida em volta. Cabeça da serpente posicionado no lado direito da imagem, com boca aberta voltada para a perna da imagem que a pisa.",,museudasmissoes_-_acervo-museologico,https://museudasmissoes.acervos.museus.gov.br/wp-json/tainacan/v2/collection/6409/items/?perpage=96&order=ASC&orderby=date&exposer=csv&mapper=inbcm-ibram&paged=,6409
60,"Escultura religiosa, Santo Estanislau Kostka, [16- e 17-]",63,Não identificado,02 Artes Visuais/Cinematográfica > 02.3 Escultura,cedro | madeira policromada,,[16- e 17-],146,55,,34,"38,4","Figura masculina, de pé na posição frontal, cabeça levemente inclinada para a esquerda. Cabelos rentes à cabeça, sobrancelhas a mostra. Pescoço atarracado. Braço esquerdo flexionado em direção ao peito e direito indeterminado. Perna direita levemente flexionada, esquerda reta, com pés calçados próximos e voltados para fora. Batina longa na cor preta franzida por cinto na cor branca. Gola clerical branca. Parte de trás com concâvo sem tampa da altura do pescoço até cerca de 15 cm do fim da batina. Base arredondada.",,museudasmissoes_-_acervo-museologico,https://museudasmissoes.acervos.museus.gov.br/wp-json/tainacan/v2/collection/6409/items/?perpage=96&order=ASC&orderby=date&exposer=csv&mapper=inbcm-ibram&paged=,6409
61,"Escultura religiosa, Santo Inácio de Loyola, [16- e 17-]",64,Não identificado,02 Artes Visuais/Cinematográfica > 02.3 Escultura,cedro | madeira policromada,,[16- e 17-],88,32,,28,20,"Figura masculina de pé na posição frontal. Cabelos curtos deixando as orelhas a mostra, calva e tonsura, rosto triangular sobrancelhas arqueadas, olhos abertos, sem nariz e boca desgastada. Braços flexionados para cima, sendo esquerdo em direção ao peito, sem a mão e braço direito com a mão espalmada para frente e sem parte dos dedos. Pernas retas. Traja túnica longa com mangas ajustadas ao braço, que deixa ponta dos pés calçados aparentes, casula tendo nos lados as pontas de uma estola. Parte de trás sem trabalho escultórico.",,museudasmissoes_-_acervo-museologico,https://museudasmissoes.acervos.museus.gov.br/wp-json/tainacan/v2/collection/6409/items/?perpage=96&order=ASC&orderby=date&exposer=csv&mapper=inbcm-ibram&paged=,6409
62,"Escultura religiosa, São Miguel Arcanjo, [16- e 17-]",65,Não identificado,02 Artes Visuais/Cinematográfica > 02.3 Escultura,cedro | madeira policromada,,[16- e 17-],"87,5",38,,24,9,"Figura masculina de pé na posição frontal com a cabeça levemente inclinada para esquerda e olhar direcionado para baixo. Cabelos longos em estrias com as pontas cacheadas, caídos nos ombros e costas e orelha direita sugerida. Sobrancelhas arqueadas, olhos abertos, nariz fino, lábios entreabertos. Sem braço esquerdo e pedaço do direito. Perna esquerda levemente flexionada para frente.Traja corpete com decote quadrado e decoração em relevo. Cava direita recortada em festonê. Manga franzida com tecido retorcido, e delineamento da anatomia do peito e ventre. Cinto sobre duas saias sobrepostas, sendo a mais longa com fendas presas com rosetas na altura do joelho e a mais curta franzida. Perna esquerda levemente sobressaída para frente e direita levemente para trás sugerindo caminhar. Botas longas com orla com friso e festonê em forma de franja. Sem os pés. Na parte de trás, orifícios para asas.",,museudasmissoes_-_acervo-museologico,https://museudasmissoes.acervos.museus.gov.br/wp-json/tainacan/v2/collection/6409/items/?perpage=96&order=ASC&orderby=date&exposer=csv&mapper=inbcm-ibram&paged=,6409
63,"Escultura religiosa, Santo Isidro, [16- e 17-]",66,Não identificado,02 Artes Visuais/Cinematográfica > 02.3 Escultura,cedro | madeira policromada,,[16- e 17-],111,43,,30,19,"Figura masculina de pé na posição frontal com a cabeça voltada para frente. Cabelos repartidos ao meio caídos em mechas e pontas encaracoladas, sobrancelhas arqueadas, olhos abertos, nariz aquilino, boca cerrada, bigode e barba. Braços flexionados para frente, pernas retas levemente afastada. Traja casaco até a altura do joelho, com abertura na frente presa por três botões e com as pontas da barra viradas para fora. Gola redonda, bipartida ao centro. Bragas com três botões laterais e
fivela. Cinto com meio laço, caindo em duas pontas. Pés calçando sapatos rasos com fivela na parte superior e salto baixo. Parte de trás seguindo padrão escultórico da parte frontal. Base arredondada.",,museudasmissoes_-_acervo-museologico,https://museudasmissoes.acervos.museus.gov.br/wp-json/tainacan/v2/collection/6409/items/?perpage=96&order=ASC&orderby=date&exposer=csv&mapper=inbcm-ibram&paged=,6409
64,"Escultura religiosa, Anjo, [16- e 17-]",67,Não identificado,02 Artes Visuais/Cinematográfica > 02.3 Escultura,madeira policromada,,[16- e 17-],82,30,,"24,5",,"Figura Infantil na posição frontal. Cabelos curtos em mechas, estriados e com pontas encaracoladas. Sobrancelhas arqueadas, olhos abertos, nariz pequeno sem muito detalhe, boca cerrada. Corpo seminu, com braços flexionados para o lado, sem antebraços. Pernas retas. Traja uma espécie de tanga franzida na frente com nó no lado direito e pontas caídas. Na parte de trás, orifício de fixação das asas. Pés descalços sobre base arredondada.",,museudasmissoes_-_acervo-museologico,https://museudasmissoes.acervos.museus.gov.br/wp-json/tainacan/v2/collection/6409/items/?perpage=96&order=ASC&orderby=date&exposer=csv&mapper=inbcm-ibram&paged=,6409
65,"Escultura religiosa, Santo Izidro, [16- e 17-]",68,Não identificado,02 Artes Visuais/Cinematográfica > 02.3 Escultura,cedro | madeira policromada,,[16- e 17-],146,79,,40,,"Figura masculina de pé na posição frontal com a cabeça levemente inclinada para baixo. Cabelos longos caídos em estrias e repartidos ao meio. Sobrancelhas arqueadas, olhos abertos, nariz aquilino, boca cerrada, bigode e barba. Braços abertos e flexionados para os lados. Traja casaco até a altura do joelho, aberto na frente com fechamento feito por sete botões e franzido á cintura por cinto com meio laço e caindo em duas pontas. Barra reta e gola redonda repartida ao centro. Bragas com quatro botões laterais. Pés calçados por botas com orla virada. Sem a metade dos pés e base.",,museudasmissoes_-_acervo-museologico,https://museudasmissoes.acervos.museus.gov.br/wp-json/tainacan/v2/collection/6409/items/?perpage=96&order=ASC&orderby=date&exposer=csv&mapper=inbcm-ibram&paged=,6409
66,"Escultura religiosa, Nossa Senhora da Conceição, [16- e 17-]",69,Não identificado,02 Artes Visuais/Cinematográfica > 02.3 Escultura,cedro | madeira policromada,,[16- e 17-],176,66,,54,"93,8","Figura feminina de pé na posição frontal. Cabelos longos repartidos ao meio e caindo por sobre as costas cobertos por véu na cor vermelha. Sobrancelhas arqueadas, olhos abertos, nariz aquilino, orelhas a mostra, boca pequena e cerrada. Braços flexionados junto ao corpo em posição de prece. Perna direita levemente flexionada para frente e esquerda reta. Pés em médio afastamento calçando sandálias, com dedos aparentes. Túnica longa na cor amarela com mangas ajustadas ao corpo. Decoração fitomorfa nas cores verde e vermelha. Gola drapeada na cor branca. Manto preso à cintura na cor azul, deixando a mostra do lado esquerdo ponta esvoaçante com verso na cor branca. Base em formato de nuvem com três querubins e espaço que sugere a existência de um quarto, todos deitados.  Querubins de cabelos curtos em mechas, olhos abertos e boca entraberta, colar com pontas arredondadas e duas asas com penas voltadas para baixo. Parte de trás com côncavo iniciado na altura da cintura até aproximadamente 10 cm antes do fim da túnica, coberto por tampa formada por duas peças que seguem o estilo escultórico da túnica.",,museudasmissoes_-_acervo-museologico,https://museudasmissoes.acervos.museus.gov.br/wp-json/tainacan/v2/collection/6409/items/?perpage=96&order=ASC&orderby=date&exposer=csv&mapper=inbcm-ibram&paged=,6409
67,"Escultura religiosa, [16- e 17-]",70,Não identificado,02 Artes Visuais/Cinematográfica > 02.3 Escultura,cedro | madeira policromada,,[16- e 17-],91,36,,26,,"Figura feminina de pé na posição frontal. Cabelos bipartidos para trás e puxados formando coque no alto da cabeça. Nariz aquilino, boca cerrada. 
Braço direito flexionado junto ao corpo e esquerdo, faltante possivelmente na mesma posição. Pernas flexionadas para frente e pés unidos. 
Traja túnica longa com gola drapejada, mangas compridas e largas nas extremidades e cintura franzida por cinto.
Manto envolvendo parte imediatamente inferior à cintura. Pontas dos pés descalços aparente por baixo da túnica.",,museudasmissoes_-_acervo-museologico,https://museudasmissoes.acervos.museus.gov.br/wp-json/tainacan/v2/collection/6409/items/?perpage=96&order=ASC&orderby=date&exposer=csv&mapper=inbcm-ibram&paged=,6409
68,"Escultura religiosa, Santo Estanislau Kostka, [16- e 17-]",71,Não identificado,02 Artes Visuais/Cinematográfica > 02.3 Escultura,cedro | madeira policromada,,[16- e 17-],104,40,,36,,"Figura masculina de pé na posição frontal. Cabelos curtos com as pontas encaracoladas e orelhas a mostra. Sobrancelhas arqueadas, olhos abertos, nariz aquilino e boca cerrada. Braços flexionado sendo o direito para frente, sem a mão e o esquerdo com a mão junto ao peito. Perna esquerda com o joelho levemente flexionado para frente e direita reta. Traja batina com gola clerical. Cordão na cintura e terço pendurado no cinto no lado esquerdo. Murça presa por botão central na altura na altura do pescoço. Pés calçados. Base arredondada com detalhes em relevo que lembram a base de uma pedra.",,museudasmissoes_-_acervo-museologico,https://museudasmissoes.acervos.museus.gov.br/wp-json/tainacan/v2/collection/6409/items/?perpage=96&order=ASC&orderby=date&exposer=csv&mapper=inbcm-ibram&paged=,6409
69,"Escultura religiosa, Cristo Crucificado, [16- e 17-]",72,Não identificado,02 Artes Visuais/Cinematográfica > 02.3 Escultura,cedro | madeira policromada,,[16- e 17-],270,160,,30,"30,5",Cruz em madeira com pontas lobuladas,,museudasmissoes_-_acervo-museologico,https://museudasmissoes.acervos.museus.gov.br/wp-json/tainacan/v2/collection/6409/items/?perpage=96&order=ASC&orderby=date&exposer=csv&mapper=inbcm-ibram&paged=,6409
70,"Escultura religiosa, Nossa Senhora das Dores, [17- e 18-]",73,Não identificado,02 Artes Visuais/Cinematográfica > 02.3 Escultura,cedro | madeira policromada,,[17- e 18-],151,58,,42,,"Figura masculina crucificada. Cabeça levemente voltada para a direita. Cabelos longos caindo pelo ombro direito e costas. Sobrancelhas arqueadas. Olhos fechados. Bigode reto e barba bipartida em pontas. Braços abertos lateralmente, com mão espalmadas e fixas por pinos de metal através de orifícios. Tanga escura envolvendo o flanco esquerdo e deixando descoberto parte do direito. Corpo esguio, evidenciando a anotomia do tórax. Cruz em madeira com pontas lobuladas.",,museudasmissoes_-_acervo-museologico,https://museudasmissoes.acervos.museus.gov.br/wp-json/tainacan/v2/collection/6409/items/?perpage=96&order=ASC&orderby=date&exposer=csv&mapper=inbcm-ibram&paged=,6409
71,"Escultura religiosa, Senhor dos Passos, [16- e 17-]",74,Não identificado,02 Artes Visuais/Cinematográfica > 02.3 Escultura,cedro | madeira policromada,,[16- e 17-],88,46,,83,,"Figura masculina genuflexionada com a cabeça inclinada para frente. Cabelos curtos com suíças, sobrancelhas arqueadas, olhos baixos, nariz aquilino, boca cerrada, barba e bigode. Braços flexionados para frente sendo o direito posicionado mais acima que o esquerdo e mãos posicionadas de forma que sugere segurar algo. Pernas em médio afastamento. Corpo seminu com saia franzida e atada por dois cordões. Sem base.",,museudasmissoes_-_acervo-museologico,https://museudasmissoes.acervos.museus.gov.br/wp-json/tainacan/v2/collection/6409/items/?perpage=96&order=ASC&orderby=date&exposer=csv&mapper=inbcm-ibram&paged=,6409
72,"Escultura religiosa, São João Batista Menino, [16- e 17-]",75,Não identificado,02 Artes Visuais/Cinematográfica > 02.3 Escultura,cedro | madeira policromada,,[16- e 17-],99,33,,40,"26,2","Figura infantil, de pé na posição frontal com a cabeça voltada para esquerda e para baixo. Cabelos curtos encaracolados, orelhas aparentes, sobrancelhas arqueadas, olhos abertos, nariz aquilino e boca cerrada. Pescoço curto e grosso. Sem os braços. Pernas em médio afastamento, esquerda levemente flexionada para a frente. Corpo envolto em pele de animal que cai por sobre o ombro direito e preso à cintura por faixa, deixando a saia mais longa atrás e mais curta na frente. Orifícios regulares na forma quadrada na parte de trás e lateral da peça sugerem que a peça tinha elementos apostos. Sem Base e sem pés.",,museudasmissoes_-_acervo-museologico,https://museudasmissoes.acervos.museus.gov.br/wp-json/tainacan/v2/collection/6409/items/?perpage=96&order=ASC&orderby=date&exposer=csv&mapper=inbcm-ibram&paged=,6409
73,"Escultura religiosa, Atlantes, [16- e 17-]",76,Não identificado,02 Artes Visuais/Cinematográfica > 02.3 Escultura,cedro | madeira policromada,,[16- e 17-],88,39,,30,12,"Figura de fisionomia jovem, de pé na posição frontal, cabeça ovalada, cabelos longos e encaracolados, sobrancelhas arqueadas, nariz aquilino, boca cerrada e pescoço grosso. Braços flexionados em ângulo reto, para cima, com mãos espalmadas também para cima sugerindo carregar algo. Pernas retas, corpete de um ombro só com manga de penejamento esvoaçante no lado esquerdo, acinturado com barra festonada formando sobre saia. Saiote com fendas nas pernas presas por rosetas. Pés descalços em médio afastamento. Parte de trás seguindo o padrão escultórico da parte frontal porém em caimento reto. Local para fixação de asas. Base arredondada",,museudasmissoes_-_acervo-museologico,https://museudasmissoes.acervos.museus.gov.br/wp-json/tainacan/v2/collection/6409/items/?perpage=96&order=ASC&orderby=date&exposer=csv&mapper=inbcm-ibram&paged=,6409
74,"Escultura religiosa, Atlantes, [16- e 17-]",77,Não identificado,02 Artes Visuais/Cinematográfica > 02.3 Escultura,cedro | madeira policromada,,[16- e 17-],,,,,,"Figura de fisionomia jovem, de pé na posição frontal, cabeça ovalada, cabelos longos e encaracolados, sobrancelhas arqueadas, nariz aquilino, boca cerrada e pescoço grosso. Braços flexionados em ângulo reto, para cima, com mãos espalmadas também para cima sugerindo carregar algo. Pernas retas, corpete de um ombro só com manga de penejamento esvoaçante no lado esquerdo, preso  por roseta, acinturado com barra festonada formando uma sobre saia. Saiote com fendas nas pernaspresas por rosetas. Pés descalços em médio afastamento. Parte de trás seguindo o padrão escultórico da parte frontal, caímento da roupa em movimento. Local para fixação de asas. Base arredondada.",,museudasmissoes_-_acervo-museologico,https://museudasmissoes.acervos.museus.gov.br/wp-json/tainacan/v2/collection/6409/items/?perpage=96&order=ASC&orderby=date&exposer=csv&mapper=inbcm-ibram&paged=,6409
75,"Escultura religiosa, [16- e 17-]",79,Não identificado,02 Artes Visuais/Cinematográfica > 02.3 Escultura,cedro | madeira,,[16- e 17-],129,50,,40,"54,2","Figura Masculina de pé, posição frontal com cabeça levemente voltada para a esquerda. Sem rosto e braços, sendo que o direito na totalidade e o esquerdo em parte. Pernas levemente afastadas. Direita reta e esquerda levemente flexionada para a frente. Túnica longa com decote arredondado, franzida por cinto em forma de corda. Manto esvoaçante presa à túnica na altura dos ombros. Base arredondada. Parte de trás com pouco trabalho escultural sendo que parte está reta sugerindo retirada posterior devido ao ataque de térmitas.",,museudasmissoes_-_acervo-museologico,https://museudasmissoes.acervos.museus.gov.br/wp-json/tainacan/v2/collection/6409/items/?perpage=96&order=ASC&orderby=date&exposer=csv&mapper=inbcm-ibram&paged=,6409
76,"Tocheiro (fragmento), Base de Tocheiro, [16- e 17-]",80,Não identificado,05 Interiores > 05.4 Objeto de Iluminação,cedro | madeira policromada,,[16- e 17-],45,36,,36,,"Base em tronco trifaciado sobre pé em volutas e gomos que acompanham as arestas em
frisos sinuosos. Parte superior ornada por gomos e volutas. Corpo decorado com querubins. Orifício
quadrangular para encaixe de fuste no eixo central.",,museudasmissoes_-_acervo-museologico,https://museudasmissoes.acervos.museus.gov.br/wp-json/tainacan/v2/collection/6409/items/?perpage=96&order=ASC&orderby=date&exposer=csv&mapper=inbcm-ibram&paged=,6409
77,"Escultura religiosa, São Nicolau, [16- e 17-]",81,Não identificado,02 Artes Visuais/Cinematográfica > 02.3 Escultura,cedro | madeira policromada,,[16- e 17-],72,"31,5",,23,"9,2","São Nicolau (81.1): Figura masculina de pé na posição frontal. Cabelos curtos com tonsura, olhos abertos, nariz largo, boca cerrada, bigode e barba bipartidos em relevo. Braços flexionados, direito junto ao peito e esquerdo para fora, sem as mãos. Perna direita levemente flexionada e esquerda reta. Traja batina levemente estriada, sobrepeliz com a barra festonada. Capa pluvial com decorações que imitam pele de animal. Gola alta redonda com pala, botão e cordão para ajuste. Pés calçados. Parte de trás lisa, sem trabalho escultórico. Base arredondada.
Barrete (81.2): Chapéu de madeira no formato de estrela de quatro pontas. Orifício no centro para fixação. Barra em relevo arredondado.",,museudasmissoes_-_acervo-museologico,https://museudasmissoes.acervos.museus.gov.br/wp-json/tainacan/v2/collection/6409/items/?perpage=96&order=ASC&orderby=date&exposer=csv&mapper=inbcm-ibram&paged=,6409
78,"Escultura religiosa, São João Batista, [16- e 17-]",82,Não identificado,02 Artes Visuais/Cinematográfica > 02.3 Escultura,cedro | madeira policromada,,[16- e 17-],"74,5",37,,30,,"Figura masculina de pé na posição frontal. Cabelos longos caídos nas costas, com as pntas encaracoladas. Sobrancelhas arqueadas, olhos abertos, nariz aquilino, boca cerrada, barba e bigode. Braços flexionados e abertos, faltando o direito e parte dos dedos da mão esquerda. Pernas próximas, sendo que a direita se encontra levemente flexionada para frente. Joelhos à mostra. Traja saiote com aparência de pele de animal, de pontas irregulares e curtas na região frontal e mais longa na parte de trás. Pés descalços em médio afastamento e levemente voltados para fora. Parte de trás com trabalho escultórico apenas nos cabelos e no volume do saiote. Base arredondada",,museudasmissoes_-_acervo-museologico,https://museudasmissoes.acervos.museus.gov.br/wp-json/tainacan/v2/collection/6409/items/?perpage=96&order=ASC&orderby=date&exposer=csv&mapper=inbcm-ibram&paged=,6409
79,"Escultura religiosa, Nossa Senhora da Soledade, [16- e 17-]",83,Não identificado,02 Artes Visuais/Cinematográfica > 02.3 Escultura,cedro | madeira policromada,,[16- e 17-],"38,5",20,,"16,5",5,"Cabeça feminina na posição frontal, levemente inclinada para a esquerda. Cabelos longos, em estrias, repartidos ao meio e repuxados para trás. Sobrancelhas arqueadas, olhos abertos com o olhar voltado para baixo, nariz aquilino, boca fechada, pescoço longo. Parte de trás sem volume. 
Base retangular com ângulos batidos.",,museudasmissoes_-_acervo-museologico,https://museudasmissoes.acervos.museus.gov.br/wp-json/tainacan/v2/collection/6409/items/?perpage=96&order=ASC&orderby=date&exposer=csv&mapper=inbcm-ibram&paged=,6409
80,"Escultura (cabeça, fragmento), [16- e 17-]",84,Não identificado,02 Artes Visuais/Cinematográfica > 02.3 Escultura,cedro | madeira policromada,,[16- e 17-],35,24,,24,6,"Cabeça feminina na posição frontal. Cabelos longos, em estrias, repartidos ao meio e caindo em mechas sobre as orelhas. Rosto oval, sobrancelhas arqueadas, olhos abertos e olhar para cima, nariz aquilino e queixo pronunciado. Parte de trás levemente esculpida. Pescoço longo e fino como se fosse encaixado no corpo.",,museudasmissoes_-_acervo-museologico,https://museudasmissoes.acervos.museus.gov.br/wp-json/tainacan/v2/collection/6409/items/?perpage=96&order=ASC&orderby=date&exposer=csv&mapper=inbcm-ibram&paged=,6409
81,"Escultura (fragmento), Menino Jesus, [16- e 17-]",85,Não identificado,02 Artes Visuais/Cinematográfica > 02.3 Escultura,cedro | madeira policromada,,[16- e 17-],67,36,,22,10,"Fragmento de escultura. Figura infantil sentada sobre braço direito, com o corpo voltado para o lado esquerdo. Cabeça levemente voltada para cima, cabelos curtos e encaracolados, olhos abertos com o olhar voltado para cima, boca semi-aberta e sorridente. Braços flexionados, direito em direção ao peito e esquerdo para o lado e voltado para cima. Pernas flexionadas na posição de sentar com os pés descalços apoiados no volume do panejamento que lhe serve como base. Traja túnica longa
drapejada, com a barra levantada acima do joelho.",,museudasmissoes_-_acervo-museologico,https://museudasmissoes.acervos.museus.gov.br/wp-json/tainacan/v2/collection/6409/items/?perpage=96&order=ASC&orderby=date&exposer=csv&mapper=inbcm-ibram&paged=,6409
82,"Escultura religiosa, Santa Cecília, [16- e 17-]",86,Não identificado,02 Artes Visuais/Cinematográfica > 02.3 Escultura,cedro | madeira policromada,,[16- e 17-],58,26,,9,,"Figura sentada, tocando viola, com a parte superior do corpo voltada para frente e pernas voltadas para a esquerda. Cabelos longos repartidos ao meio com as pontas encaracoladas e caídos em mechas sobre os ombros. Olhos abertos, nariz achatado, boca entreaberta e queixo arredondado. Braço direito flexionado para frente com a mão dedilhando as cordas da viola e a esquerda voltada para cima segurando o braço da viola. Pernas flexionadas em posição de sentar. Túnica longa com gola arredondada e roseta no centro. E casaco de mangas longas com parte superior formando sobre manga de pontas festonadas. Panejamento em ondas cobrindo os pés. Parte de trás reta.",,museudasmissoes_-_acervo-museologico,https://museudasmissoes.acervos.museus.gov.br/wp-json/tainacan/v2/collection/6409/items/?perpage=96&order=ASC&orderby=date&exposer=csv&mapper=inbcm-ibram&paged=,6409
83,"Escultura religiosa, Santo de Roca (Não identificado), [17-]",87,Não identificado,02 Artes Visuais/Cinematográfica > 02.3 Escultura,cedro | madeira policromada,,[17-],53,23,,31,"3,5","Figura na posição frontal. Cabeça reta sem cabelos, olhos abertos, boca entreaberta com dentes aparentes e orelhas aparentes. Braços articulados com encaixes. Mão direita espalmada e esquerda com os dedos, indicador e polegar com pontas unidas formando um circulam. Na parte inferior do tronco, espaço para encaixes.
Apresenta corte na altura do quadril. Pela forma do corpo trata-se de figura feminina.",,museudasmissoes_-_acervo-museologico,https://museudasmissoes.acervos.museus.gov.br/wp-json/tainacan/v2/collection/6409/items/?perpage=96&order=ASC&orderby=date&exposer=csv&mapper=inbcm-ibram&paged=,6409
84,"Escultura (cabeça), [16- e 17-]",88,Não identificado,02 Artes Visuais/Cinematográfica > 02.3 Escultura,cedro | madeira policromada,,[16- e 17-],24,13,,17,,"Cabeça na posição frontal levemente voltada para cima. Olhos abertos, olhar para cima, nariz aquilino e boca fechada com os cantos caídos, sem cabelos e orelhas aparentes.",,museudasmissoes_-_acervo-museologico,https://museudasmissoes.acervos.museus.gov.br/wp-json/tainacan/v2/collection/6409/items/?perpage=96&order=ASC&orderby=date&exposer=csv&mapper=inbcm-ibram&paged=,6409
85,"Sino, São Miguel, [17-]",92,Não identificado,10 Comunicação > 10.3 Equipamento de Comunicação Sonora/Visual,bronze | ferro fundido,,[17-],109,,112.0,,,"Sino com bacia de linha cônica e borda abaulada e decorada com frisos na parte inferior e superior. 
No friso superior a inscrição “ANGELUS PACIS MICHEL INAE DES.”
No friso inferior a inscrição “S. MICHEL ORA PRO NOBIS ANNO 1726”. 
Corpo liso com o diagrama da companhia de Jesus e no lado oposto sol estilizado com raios retos e ondulados intercalados. 
Braço de ferro com quatro hastes unidas em um pino central, formando quatro gomos vazados. Sem badalo. ",,museudasmissoes_-_acervo-museologico,https://museudasmissoes.acervos.museus.gov.br/wp-json/tainacan/v2/collection/6409/items/?perpage=96&order=ASC&orderby=date&exposer=csv&mapper=inbcm-ibram&paged=,6409
86,"Escultura religiosa, São Nicolau, [16- e 17-]",101,Não identificado,02 Artes Visuais/Cinematográfica > 02.3 Escultura,arenito,,[16- e 17-],130,35,,35,,,,museudasmissoes_-_acervo-museologico,https://museudasmissoes.acervos.museus.gov.br/wp-json/tainacan/v2/collection/6409/items/?perpage=96&order=ASC&orderby=date&exposer=csv&mapper=inbcm-ibram&paged=,6409
87,"Imagem de Virgem Maria, Nossa Senhora, [16- e 17-]",133,Não identificado,02 Artes Visuais/Cinematográfica > 02.3 Escultura,cedro | madeira policromada,,[16- e 17-],122,"61,5",,49,"45,5","Figura feminina em pé, posição frontal. Cabelos longos caídos no ombro esquerdo e cobertos por véu, cabeça levemente voltada para a esquerda e para cima. 
Olhos abertos e boca cerrada. Braços flexionados, direito voltado para cima e esquerdo para baixo e esquerda. Túnica longa com gola drapeada. Faixa na cintura franzindo a túnica. Mangas compridas ajustadas ao braço. Manto caindo dos ombros pelo lado direito, envolvendo o corpo logo abaixo da cintura e terminando em ponta sob o braço esquerdo.",,museudasmissoes_-_acervo-museologico,https://museudasmissoes.acervos.museus.gov.br/wp-json/tainacan/v2/collection/6409/items/?perpage=96&order=ASC&orderby=date&exposer=csv&mapper=inbcm-ibram&paged=,6409
88,"Imagem de santo, São Luiz Gonzaga, [16-]",134,Não identificado,02 Artes Visuais/Cinematográfica > 02.3 Escultura,cedro | madeira policromada,,[16-],104,42,,32,,"Figura masculina de pé na posição frontal. Cabeça levemente inclinada para a direita, cabelos curtos em mechas, sobrancelhas arqueadas, olhos abertos, nariz grande, boca fechada e orelhas a mostra. Braços flexionado sendo o direito para frente e o esquerdo em direção ao peito, ambos sem as mãos.  Pernas retas. Traja batina com gola clerical. Sobrepeliz com as pontas em festonê. Pés com sapatos. Base arredondada.
",,museudasmissoes_-_acervo-museologico,https://museudasmissoes.acervos.museus.gov.br/wp-json/tainacan/v2/collection/6409/items/?perpage=96&order=ASC&orderby=date&exposer=csv&mapper=inbcm-ibram&paged=,6409
89,"Escultura religiosa, São Luis Gonzaga, [17-]",181,Não identificado,02 Artes Visuais/Cinematográfica > 02.3 Escultura,cedro | madeira policromada,,[17-],88,36,,22,"18,4","Figura masculina, de pé na posição frontal com a cabeça levemente inclinada para esquerda. Cabelos curtos em mechas, sobrancelhas arqueadas, olhos abertos, nariz aquilino, boca fechada, orelhas a mostra e pescoço atarracado. Braços flexionados em direção ao peito. Batina longa com gola clerical, sobrepeliz até a altura do joelho com bordas festonadas (mangas, decote e barra). Estola com decoração fitomorfa. Pés em médio afastamento, calçando sapatos.  Parte de trás esculpida deacordo com o caimento da indumentária. Base arredondada.",,museudasmissoes_-_acervo-museologico,https://museudasmissoes.acervos.museus.gov.br/wp-json/tainacan/v2/collection/6409/items/?perpage=96&order=ASC&orderby=date&exposer=csv&mapper=inbcm-ibram&paged=,6409
