,Número de registro,Denominação,Título,Autor,Resumo descritivo,Local de produção,Classificação,Material/Técnica,Dimensões - altura,Dimensões - largura,Dimensões - profundidade/comprimento,ACERVO,URL,TAINACAN_COLECTION_ID
0,1,Figura de anjo,Anjo,Não identificado,"Figura masculina de anjo, nua, de pé, com a cabeça e o olhar voltados para a esquerda e cabelos ondulados. Apresenta a asa esquerda e direita, o braço esquerdo flexionado para sua lateral, com a mão parcialmente fechada, o dedo polegar sobre o indicador dando a impressão de segurar alguma coisa. O braço direito se apresenta levantado, próximo ao ombro. Apresenta perna esquerda pouco flexionada, a direita muito, com a parte posterior do pé levantada e aparente.",Não identificado,02 Artes Visuais/Cinematográfica > 02.3 Escultura,madeira | madeira policromada,44 cm,36,"17,5",museusolarmonjardim_-_acervo,https://museusolarmonjardim.acervos.museus.gov.br/wp-json/tainacan/v2/collection/109360/items/?perpage=96&order=ASC&orderby=date&exposer=csv&mapper=inbcm-ibram&paged=,109360
1,4,Figura de anjo,Anjo,Não identificado,"Figura masculina de anjo: nua e em pé; a cabeça e o olhar voltados para a direita; o braço esquerdo flexionado para cima, na lateral, com a mão semifechada à altura da cabeça; e o direto, flexionado para baixo, também na lateral, com a mão semifechada e o antebraço horizontalmente à altura da cintura. Tem a perna esquerda bastante flexionada, com a parte posterior do pé elevada; e a perna direita pouco flexionada. Apresenta cabelos ondulados e duas asas na parte posterior.",Não identificado,02 Artes Visuais/Cinematográfica > 02.3 Escultura,madeira | madeira policromada,44 cm,37,17,museusolarmonjardim_-_acervo,https://museusolarmonjardim.acervos.museus.gov.br/wp-json/tainacan/v2/collection/109360/items/?perpage=96&order=ASC&orderby=date&exposer=csv&mapper=inbcm-ibram&paged=,109360
2,3,Figura de anjo,Anjo,Não identificado,"Figura masculina de criança nua, de pé, com a cabeça e o olhar voltados à direita. Tem o braço direito flexionado ao lado do corpo com o antebraço ao nível da cintura, direcionado à direita, a mão com a palma para cima e os dedos fechados. Apresenta braço esquerdo içado no prolongamento do ombro. A perna direita está levemente flexionada e a esquerda muito flexionada; o pé está erguido, sem tocar o chão, ficando a sola aparente na parte posterior. Apresenta cabelos ondulados.",Não identificado,02 Artes Visuais/Cinematográfica > 02.3 Escultura,madeira | madeira policromada,45 cm,37,17,museusolarmonjardim_-_acervo,https://museusolarmonjardim.acervos.museus.gov.br/wp-json/tainacan/v2/collection/109360/items/?perpage=96&order=ASC&orderby=date&exposer=csv&mapper=inbcm-ibram&paged=,109360
3,34,Imagem de Cristo,Cristo Crucificado com Cruz,Não identificado,"Figura masculina em madeira policromada, representando Cristo crucificado, com perizônio na cor dourada e branca à cintura, e respingos em vermelho, representando sangue; Cruz fina de madeira, chapada na parte detrás.",Não identificado,02 Artes Visuais/Cinematográfica > 02.3 Escultura,madeira | madeira policromada,,"12,2",,museusolarmonjardim_-_acervo,https://museusolarmonjardim.acervos.museus.gov.br/wp-json/tainacan/v2/collection/109360/items/?perpage=96&order=ASC&orderby=date&exposer=csv&mapper=inbcm-ibram&paged=,109360
4,26,Imagem de Cristo,Cristo Crucificado com Cruz,Não identificado,"Figura masculina representando Cristo crucificado, com perizonio à cintura; manchas vermelhas, simulando sangue; cruz de madeira escura, chapada na parte detrás, base em madeira, placa onde está escrito INRI na parte de cima da cruz.",Não identificado,02 Artes Visuais/Cinematográfica > 02.3 Escultura,madeira | madeira policromada,"100,5 cm","51,5","13,5",museusolarmonjardim_-_acervo,https://museusolarmonjardim.acervos.museus.gov.br/wp-json/tainacan/v2/collection/109360/items/?perpage=96&order=ASC&orderby=date&exposer=csv&mapper=inbcm-ibram&paged=,109360
5,29,Imagem de Cristo,Cristo Crucificado com Cruz,Não identificado,"Figura masculina em madeira, representando Cristo crucificado; possui resplendor dourado em volta da cabeça; veste à cintura, perizônio na cor branca, com respingos em vermelho, representando sangue. Cruz em madeira escura, chapada na parte detrás, com base em madeira. Na placa da parte superior da cruz está escrito INRI.",Não identificado,02 Artes Visuais/Cinematográfica > 02.3 Escultura,madeira | madeira policromada,"66,5 cm",23,7,museusolarmonjardim_-_acervo,https://museusolarmonjardim.acervos.museus.gov.br/wp-json/tainacan/v2/collection/109360/items/?perpage=96&order=ASC&orderby=date&exposer=csv&mapper=inbcm-ibram&paged=,109360
6,Não há número ,Imagem de Cristo,Cristo Crucificado sem Cruz,Não identificado,"Figura masculina em marfim representando Cristo crucificado; pés sobrepostos, braços com marcas; perizônio sobre a cintura, cobrindo as genitálias do Cristo. Não possui cruz.",Não identificado,02 Artes Visuais/Cinematográfica > 02.3 Escultura,marfim,"30,2 cm",27,4,museusolarmonjardim_-_acervo,https://museusolarmonjardim.acervos.museus.gov.br/wp-json/tainacan/v2/collection/109360/items/?perpage=96&order=ASC&orderby=date&exposer=csv&mapper=inbcm-ibram&paged=,109360
7,24,Imagem de Cristo,Cristo Crucificado sem Cruz,Não identificado,"Figura masculina representando Cristo crucificado; pés sobrepostos, com perizônio sobre a cintura, cobrindo-lhe a genitália. Não possui cruz.",Não identificado,02 Artes Visuais/Cinematográfica > 02.3 Escultura,marfim,21 cm,"4,5","3,2",museusolarmonjardim_-_acervo,https://museusolarmonjardim.acervos.museus.gov.br/wp-json/tainacan/v2/collection/109360/items/?perpage=96&order=ASC&orderby=date&exposer=csv&mapper=inbcm-ibram&paged=,109360
8,7,Imagem de Cristo,Cristo Crucificado sem Cruz,Não identificado,"Figura masculina representando Cristo crucificado, de braços abertos, pés juntos e olhos fechados; com manta sobre a cintura, cobrindo as partes baixas. Não possui cruz.",Não identificado,02 Artes Visuais/Cinematográfica > 02.3 Escultura,marfim,"20,5 cm","18,5",3,museusolarmonjardim_-_acervo,https://museusolarmonjardim.acervos.museus.gov.br/wp-json/tainacan/v2/collection/109360/items/?perpage=96&order=ASC&orderby=date&exposer=csv&mapper=inbcm-ibram&paged=,109360
9,132,Imagem de Cristo,Cristo da Coluna,Não identificado,"Figura masculina em pé, talhada em madeira, representando o Cristo. Possui os ossos da coluna bem marcados, mãos atadas e perizônio cobrindo a genitália. Está sobre base também de madeira.",Não identificado,09 Objetos Cerimoniais > 09.3 Objeto de Culto,madeira,"25,5 cm","7,5","5,5",museusolarmonjardim_-_acervo,https://museusolarmonjardim.acervos.museus.gov.br/wp-json/tainacan/v2/collection/109360/items/?perpage=96&order=ASC&orderby=date&exposer=csv&mapper=inbcm-ibram&paged=,109360
10,233,Imagem de Cristo,Cristo da Coluna,Não identificado,"Figura masculina representando Cristo na coluna de madeira, com mãos sobrepostas e perizônio cobrindo as partes baixas; há respingos de policromia vermelha sobre o corpo, representando sangue; está sobre base de madeira, representando pedra.",Não identificado,09 Objetos Cerimoniais > 09.3 Objeto de Culto,madeira | madeira policromada,174 cm,58,24,museusolarmonjardim_-_acervo,https://museusolarmonjardim.acervos.museus.gov.br/wp-json/tainacan/v2/collection/109360/items/?perpage=96&order=ASC&orderby=date&exposer=csv&mapper=inbcm-ibram&paged=,109360
11,50,Imagem de menino Jesus,Menino Deus,Não identificado,"Figura masculina de criança representando Menino Deus nu, levemente inclinado para a direita, com olhos de vidro, braços abertos e cabelo dourado; está em pé sobre base de madeira adicionada posteriormente.",Não identificado,02 Artes Visuais/Cinematográfica > 02.3 Escultura,madeira | madeira policromada,29 cm,"13,5",7,museusolarmonjardim_-_acervo,https://museusolarmonjardim.acervos.museus.gov.br/wp-json/tainacan/v2/collection/109360/items/?perpage=96&order=ASC&orderby=date&exposer=csv&mapper=inbcm-ibram&paged=,109360
12,55,Imagem de menino Jesus,Menino Deus,Não identificado,"Figura masculina de criança representando Menino Deus nu, com olhos de vidro; tem o braço direito levantado à esquerda (não tem mais os dedos da mão direita); o braço esquerdo está levemente erguido, mas está quebrado: não tem mais o antebraço e a mão esquerda. Os pés estão quebrados ao meio. Está fixado sobre base de madeira adicionada posteriormente.",Não identificado,02 Artes Visuais/Cinematográfica > 02.3 Escultura,madeira | madeira policromada,28 cm,"13,5","6,5",museusolarmonjardim_-_acervo,https://museusolarmonjardim.acervos.museus.gov.br/wp-json/tainacan/v2/collection/109360/items/?perpage=96&order=ASC&orderby=date&exposer=csv&mapper=inbcm-ibram&paged=,109360
13,56,Imagem de menino Jesus,Menino Deus,Não identificado,"Figura masculina de criança representando Menino Deus nu, com olhos de vidro, cabelo dourado e braços abertos. Está em pé sobre base de madeira adicionada posteriormente.",Não identificado,02 Artes Visuais/Cinematográfica > 02.3 Escultura,madeira | madeira policromada,"26,5 cm","9,5","7,5",museusolarmonjardim_-_acervo,https://museusolarmonjardim.acervos.museus.gov.br/wp-json/tainacan/v2/collection/109360/items/?perpage=96&order=ASC&orderby=date&exposer=csv&mapper=inbcm-ibram&paged=,109360
14,51,Imagem de menino Jesus,Menino Deus,Não identificado,"Figura masculina de criança representando Menino Deus. Está nu, sorrindo, tem cabelos dourados, segura um globo azul e o direciona para o lado esquerdo; põe-se em pé sobre uma possível representação de almofada; a base, também de madeira, foi anexada à escultura posteriormente.",Não identificado,02 Artes Visuais/Cinematográfica > 02.3 Escultura,madeira | madeira policromada,"27, 5 cm","11, 5","9, 5",museusolarmonjardim_-_acervo,https://museusolarmonjardim.acervos.museus.gov.br/wp-json/tainacan/v2/collection/109360/items/?perpage=96&order=ASC&orderby=date&exposer=csv&mapper=inbcm-ibram&paged=,109360
15,58,Escultura religiosa,Menino Deus,Não identificado,"Escultura de figura masculina de criança representando Menino Deus; tem cabelos encaracolados, vestido e sandálias; está em pé sobre base de madeira.",Não identificado,02 Artes Visuais/Cinematográfica > 02.3 Escultura,madeira,18 cm,6,"5,5",museusolarmonjardim_-_acervo,https://museusolarmonjardim.acervos.museus.gov.br/wp-json/tainacan/v2/collection/109360/items/?perpage=96&order=ASC&orderby=date&exposer=csv&mapper=inbcm-ibram&paged=,109360
16,76,Imagem da Virgem Maria,Nossa Senhora,Não identificado,"Escultura em marfim de figura feminina representa Nossa Senhora segurando o Menino Jesus. Tem cabelos à mostra, está em pé sobre globo, com lua e três querubins sobre base de mesmo material.",Não identificado,02 Artes Visuais/Cinematográfica > 02.3 Escultura,marfim,"17,5 cm","5,7",5,museusolarmonjardim_-_acervo,https://museusolarmonjardim.acervos.museus.gov.br/wp-json/tainacan/v2/collection/109360/items/?perpage=96&order=ASC&orderby=date&exposer=csv&mapper=inbcm-ibram&paged=,109360
17,77,Imagem da Virgem Maria,Nossa Senhora,Não identificado,"Escultura feminina de marfim, representando Nossa Senhora coroada, segurando, no lado esquerdo, o Menino. A imagem está de pé; tem panejamento até os pés e se coloca sobre a base de madeira.",Não identificado,02 Artes Visuais/Cinematográfica > 02.3 Escultura,marfim,"13,2 cm","3,5","5,2",museusolarmonjardim_-_acervo,https://museusolarmonjardim.acervos.museus.gov.br/wp-json/tainacan/v2/collection/109360/items/?perpage=96&order=ASC&orderby=date&exposer=csv&mapper=inbcm-ibram&paged=,109360
18,59,Imagem da Virgem Maria,Nossa Senhora,Não identificado,"Escultura de figura feminina representando Nossa Senhora, que possivelmente segurava o Menino Jesus. Em pé, sobre peanha e possíveis nuvens. A base é de madeira policromada com a cor vermelha.",Não identificado,02 Artes Visuais/Cinematográfica > 02.3 Escultura,madeira | madeira policromada,"29,3 cm","11,2","7,2",museusolarmonjardim_-_acervo,https://museusolarmonjardim.acervos.museus.gov.br/wp-json/tainacan/v2/collection/109360/items/?perpage=96&order=ASC&orderby=date&exposer=csv&mapper=inbcm-ibram&paged=,109360
19,130,Imagem da Virgem Maria,Nossa Senhora,Não identificado,"Escultura de figura feminina representando Nossa Senhora, com cabelo parcialmente coberto por véu azul-esgrafiado, vestida com túnica amarela, de bordas douradas e esgrafiada, com motivos florais, uma pedra na altura dos seios, ao centro; por cima, veste um manto com a face externa azul e a face interna vermelha, ambos com esgrafito e com as bordas douradas. O entalhamento é esvoaçante, conferindo movimentação à composição; está em pé sobre peanha azul com nuvens e cinco cabeças de anjos. Possui base de madeira azul-escura.",Não identificado,02 Artes Visuais/Cinematográfica > 02.3 Escultura,madeira | madeira policromada,"34,7 cm","14,8","13,5",museusolarmonjardim_-_acervo,https://museusolarmonjardim.acervos.museus.gov.br/wp-json/tainacan/v2/collection/109360/items/?perpage=96&order=ASC&orderby=date&exposer=csv&mapper=inbcm-ibram&paged=,109360
20,75,Imagem da Virgem Maria,Nossa Senhora,Não identificado,"Figura feminina representando Nossa Senhora. Segura com a mão esquerda o Menino Jesus nu. Possui túnica de cor vermelha, com detalhes florais verdes, vermelhos e amarelos; manto verde, com detalhes dourados; e véu dourado. Está sobre nuvens, com três cabeças de anjos. Falta-lhe uma parte da cabeça localizada no lado direito. Possui base em madeira.",Não identificado,02 Artes Visuais/Cinematográfica > 02.3 Escultura,madeira | madeira policromada,36 cm,"13,5","11,5",museusolarmonjardim_-_acervo,https://museusolarmonjardim.acervos.museus.gov.br/wp-json/tainacan/v2/collection/109360/items/?perpage=96&order=ASC&orderby=date&exposer=csv&mapper=inbcm-ibram&paged=,109360
21,100,Imagem de santo,Nossa Senhora da Conceição,Não identificado,"Escultura de figura feminina representando Nossa Senhora da Conceição, de mãos postas, em pé, com panejamento dotado de flores, tanto na túnica quanto no manto. A imagem está configurada sobre globo com meias-luas, nuvens e três cabeças de querubins.",Não identificado,02 Artes Visuais/Cinematográfica > 02.3 Escultura,terracota | terracota policromada,25 cm,"12,6",10,museusolarmonjardim_-_acervo,https://museusolarmonjardim.acervos.museus.gov.br/wp-json/tainacan/v2/collection/109360/items/?perpage=96&order=ASC&orderby=date&exposer=csv&mapper=inbcm-ibram&paged=,109360
22,87,Imagem de santo,Nossa Senhora da Conceição,Não identificado,"Escultura de figura feminina representando N. Sra. da Conceição, com possível posição de mãos postas. A peça está em pé sobre peanha e possíveis meias-luas. Possui base de madeira pintada de vermelho, com perfuração na sua parte de baixo.",Não identificado,02 Artes Visuais/Cinematográfica > 02.3 Escultura,madeira | madeira policromada,30 cm,14,"7,5",museusolarmonjardim_-_acervo,https://museusolarmonjardim.acervos.museus.gov.br/wp-json/tainacan/v2/collection/109360/items/?perpage=96&order=ASC&orderby=date&exposer=csv&mapper=inbcm-ibram&paged=,109360
23,98,Imagem de santo,Nossa Senhora da Conceição,Não identificado,"Escultura de figura feminina representando N. Sra. da Conceição, de mãos postas, com panejamento verde-azulado, vermelho, azul, branco, com detalhes, sobre peanha com lua, nuvens e cabeças de três querubins, esmagando uma cobra de cor verde, na parte de baixo. Possui base oval na cor azul e perfuração na parte de baixo.",Não identificado,02 Artes Visuais/Cinematográfica > 02.3 Escultura,terracota | terracota policromada,"29,5 cm",11,"10,5",museusolarmonjardim_-_acervo,https://museusolarmonjardim.acervos.museus.gov.br/wp-json/tainacan/v2/collection/109360/items/?perpage=96&order=ASC&orderby=date&exposer=csv&mapper=inbcm-ibram&paged=,109360
24,94,Imagem de santo,Nossa Senhora da Conceição,Não identificado,"Escultura de figura feminina representando N. Sra. da Conceição, de possíveis mãos postas, com túnica azul encimada por douramento em reserva e pintura a pincel. Manto com face externa azul, douramento em reserva, douramento nas bordas e face interna vermelha. Véu verde, com detalhes em dourado. Imagem sobre globo, com uma cabeça de querubim e possíveis duas luas. Possui base em madeira policromada em vermelho.",Não identificado,02 Artes Visuais/Cinematográfica > 02.3 Escultura,madeira | madeira policromada,23 cm,"5,5","5,5",museusolarmonjardim_-_acervo,https://museusolarmonjardim.acervos.museus.gov.br/wp-json/tainacan/v2/collection/109360/items/?perpage=96&order=ASC&orderby=date&exposer=csv&mapper=inbcm-ibram&paged=,109360
25,127,Imagem de santo,Nossa Senhora da Conceição,Não identificado,"Figura feminina representando N. Sra. da Conceição; a imagem está em pé sobre base com esfera, nuvens, crescente lunar e motivos ornamentais de flores.",Não identificado,02 Artes Visuais/Cinematográfica > 02.3 Escultura,pedra de ançã,"22,2 cm","11,5","7,3",museusolarmonjardim_-_acervo,https://museusolarmonjardim.acervos.museus.gov.br/wp-json/tainacan/v2/collection/109360/items/?perpage=96&order=ASC&orderby=date&exposer=csv&mapper=inbcm-ibram&paged=,109360
26,86,Imagem de santo,Nossa Senhora da Conceição,Não identificado,"Escultura de figura feminina representando N. Sra. da Conceição, com olhos oblíquos, cabelos castanhos descobertos, mãos postas; está sobre globo, com aparente meia-lua do lado direito, nuvens e cabeças de cinco querubins. É oca, visível pela parte de baixo da base.",Não identificado,02 Artes Visuais/Cinematográfica > 02.3 Escultura,terracota | terracota policromada,"28,3 cm","12,4","8,3",museusolarmonjardim_-_acervo,https://museusolarmonjardim.acervos.museus.gov.br/wp-json/tainacan/v2/collection/109360/items/?perpage=96&order=ASC&orderby=date&exposer=csv&mapper=inbcm-ibram&paged=,109360
27,97,Imagem de santo,Nossa Senhora da Conceição,Não identificado,"Escultura de figura feminina representando N. Sra. da Conceição, com cabelos castanhos descobertos, mãos postas; com panejamento azul, amarelo-esverdeado e vermelho, com detalhes em dourado; está sobre um globo com nuvens, meia-lua e três cabeças de querubins. Possui base de madeira na cor vermelha, com perfuração na parte de baixo.",Não identificado,02 Artes Visuais/Cinematográfica > 02.3 Escultura,terracota | terracota policromada,"21,5 cm",9,"7,5",museusolarmonjardim_-_acervo,https://museusolarmonjardim.acervos.museus.gov.br/wp-json/tainacan/v2/collection/109360/items/?perpage=96&order=ASC&orderby=date&exposer=csv&mapper=inbcm-ibram&paged=,109360
28,91,Imagem de santo,Nossa Senhora da Conceição,Não identificado,"Escultura de figura feminina representando N. Sra. da Conceição, com cabelos castanhos cobertos, mãos juntas em posição de oração; está sobre globo com nuvens e uma meia-lua de cada lado da peanha. Possui base de madeira na cor vermelha, com perfuração na parte de baixo.",Não identificado,02 Artes Visuais/Cinematográfica > 02.3 Escultura,madeira | madeira policromada,"30,3 cm","12,3","7,3",museusolarmonjardim_-_acervo,https://museusolarmonjardim.acervos.museus.gov.br/wp-json/tainacan/v2/collection/109360/items/?perpage=96&order=ASC&orderby=date&exposer=csv&mapper=inbcm-ibram&paged=,109360
29,85,Imagem de santo,Nossa Senhora da Conceição,Domingos de Abreu e Silva (Domingos Santista),"Escultura de figura feminina representando Nossa Senhora da Conceição, com cabelo castanho coberto com véu; tem as mãos postas. Possui túnica azul - claro com motivos florais e manto azul - escuro com folhas de acanto. Há douramento integral. A peça está sobre globo com nuvens, meias-luas e rosto de sete querubins. Possui base de madeira ornamentada.","Esculpida na fazenda Monte Líbano, em Cachoeiro de Itapemirim, no Estado do Espírito Santo.",02 Artes Visuais/Cinematográfica > 02.3 Escultura,madeira | madeira policromada,114 cm,49,34,museusolarmonjardim_-_acervo,https://museusolarmonjardim.acervos.museus.gov.br/wp-json/tainacan/v2/collection/109360/items/?perpage=96&order=ASC&orderby=date&exposer=csv&mapper=inbcm-ibram&paged=,109360
30,112,Imagem de santo,Nossa Senhora da Penha,Não identificado,"Escultura de figura feminina representando N. Senhora da Penha; tem cabelo castanho coberto com véu; segura o Menino Jesus com a mão esquerda; traz o braço direito levemente suspenso; e perdeu da mão direita. Veste túnica dourada com motivos florais esgrafiados e algumas perdas da camada pictórica; encimada por manto de face externa azul, com motivos florais dourados sobrepostos por punções estrelas esgrafiadas; e tem a face interna vermelha, com bolinhas esgrafiadas; pés calçados, com sandália sobre peanha com nuvens e rosto de dois querubins, sendo que um terceiro querubim não existe mais; tem base ornamentada. É acompanhada de figura masculina com perna direita ajoelhada, mãos postas em oração, próximo ao pé direito da imagem.",Não identificado,02 Artes Visuais/Cinematográfica > 02.3 Escultura,madeira | madeira policromada,44 cm,"21,5","15,8",museusolarmonjardim_-_acervo,https://museusolarmonjardim.acervos.museus.gov.br/wp-json/tainacan/v2/collection/109360/items/?perpage=96&order=ASC&orderby=date&exposer=csv&mapper=inbcm-ibram&paged=,109360
31,113,Imagem de santo,Nossa Senhora da Piedade,Não identificado,"Escultura de figura feminina sentada, representando N. Sra. da Piedade. Deitada em seu colo, uma figura masculina (Cristo crucificado) de olhos fechados, ferido, com a região dos órgãos genitais coberta por perizônio; a imagem feminina apresenta cabeça coberta por touca branca e véu em tom azul. Apresenta panejamento de sua túnica em tom avermelhado.",Não identificado,02 Artes Visuais/Cinematográfica > 02.3 Escultura,madeira | madeira policromada,37 cm,20,"14,5",museusolarmonjardim_-_acervo,https://museusolarmonjardim.acervos.museus.gov.br/wp-json/tainacan/v2/collection/109360/items/?perpage=96&order=ASC&orderby=date&exposer=csv&mapper=inbcm-ibram&paged=,109360
32,115,Imagem de santo,Nossa Senhora da Vitória,Não identificado,"Escultura de figura feminina representando N. Sra. da Vitória em pé, com cabelo castanho descoberto, olhos oblíquos, túnica vermelho alaranjada com detalhes florais vermelhos e dourados e manto azul envolvo na imagem; mão direita próxima ao corpo e mão esquerda segurando o Menino Jesus nu, de pé, apoiado em seu corpo.",Não identificado,02 Artes Visuais/Cinematográfica > 02.3 Escultura,madeira | madeira policromada,"6,1 cm","20,5","18,5",museusolarmonjardim_-_acervo,https://museusolarmonjardim.acervos.museus.gov.br/wp-json/tainacan/v2/collection/109360/items/?perpage=96&order=ASC&orderby=date&exposer=csv&mapper=inbcm-ibram&paged=,109360
33,116,Imagem de santo,Nossa Senhora das Dores,Não identificado,"Escultura de figura feminina representando N. Sra. das Dores, com cabeça inclinada à direita, coberta com manto de face externa azul e douramento em reserva, contornado por pintura a pincel em forma de motivos florais. A face interna do manto é azul-clara, com motivos ornamentais análogos ao da sua face externa. Também veste túnica roxa, com douramento em reserva encimado e contornado por pintura a pincel em forma de motivos fitomórfos e com parte interna do barrado na cor verde; tem braços cruzados sobre o peito, não tem mais a mão direita. Usa sapato na cor azul sobre base redonda de superfície vermelha, bordas douradas, com a parte inferior branca e resquícios de vermelho e azul; há desgaste da policromia.",Não identificado,02 Artes Visuais/Cinematográfica > 02.3 Escultura,madeira | madeira policromada,21 cm,9,"6,2",museusolarmonjardim_-_acervo,https://museusolarmonjardim.acervos.museus.gov.br/wp-json/tainacan/v2/collection/109360/items/?perpage=96&order=ASC&orderby=date&exposer=csv&mapper=inbcm-ibram&paged=,109360
34,122,Imagem de santo,N. Sra. do Bom Parto,Não identificado,"Escultura representando N. Sra. do Bom Parto. Está em pé, usando véu em cor azul-clara, com detalhes florais em branco, em azul e em dourado. Vestes brancas, com amarelo e detalhes florais; manto de face externa azul e a face interna vermelha; e mãos sobre o torso, segurando parte do manto.",Não identificado,02 Artes Visuais/Cinematográfica > 02.3 Escultura,madeira | madeira policromada,23 cm,"9,5",5,museusolarmonjardim_-_acervo,https://museusolarmonjardim.acervos.museus.gov.br/wp-json/tainacan/v2/collection/109360/items/?perpage=96&order=ASC&orderby=date&exposer=csv&mapper=inbcm-ibram&paged=,109360
35,Não há número ,Imagem de santo,N. Sra. do Rosário,Não identificado,"Escultura de figura feminina representando N. Sra. do Rosário. A imagem possui cabelo castanho, coberto por túnica azul-clara, com motivos florais; manto com face externa em cor azul e face interna vermelha que cobre a imagem; e há douramento integral na peça. A escultura segura Menino Jesus nu no braço esquerdo e está sobre nuvens com cinco cabeças de querubins.",Não identificado,02 Artes Visuais/Cinematográfica > 02.3 Escultura,madeira | madeira policromada,"9,3 cm",57,34,museusolarmonjardim_-_acervo,https://museusolarmonjardim.acervos.museus.gov.br/wp-json/tainacan/v2/collection/109360/items/?perpage=96&order=ASC&orderby=date&exposer=csv&mapper=inbcm-ibram&paged=,109360
36,129,Imagem de santo,N. Sra. Mãe dos Homens,Não identificado,"Escultura de figura feminina representando N. Sra. Mãe dos Homens, com cabelos castanhos cobertos; está sobre peanha com nuvens e dois querubins; apoia-se sobre base octogonal.",Europa,02 Artes Visuais/Cinematográfica > 02.3 Escultura,madeira | madeira policromada,110 cm,"49,5",28,museusolarmonjardim_-_acervo,https://museusolarmonjardim.acervos.museus.gov.br/wp-json/tainacan/v2/collection/109360/items/?perpage=96&order=ASC&orderby=date&exposer=csv&mapper=inbcm-ibram&paged=,109360
37,154,Imagem de santo,Sant’Ana Guia,Não identificado,"Escultura de figura feminina representando Sant’Ana Guia, em pé, com olhos de vidro. Veste túnica marrom com douramento em reserva e babado dourado; manto com face externa vermelha, douramento em reserva e algumas perdas de camada pictórica; a face interna do manto é azul com douramento em reserva, alternado com pintura a pincel; nas bordas, há rendas; o braço direito encostado ao peito, não tem mais a mão direita, e o braço esquerdo “apoia” Maria Menina, não tem mais a mão direita. Maria Menina veste túnica e manto de cor azul, com detalhes dourados e renda nas bordas; segura um livro com a mão esquerda, não tem mais a mão direita, e nem a cabeça. A escultura tem base arredondada de cor azul com traços marmorizados.",Não identificado,02 Artes Visuais/Cinematográfica > 02.3 Escultura,madeira | madeira policromada,28 cm,"13,8",7,museusolarmonjardim_-_acervo,https://museusolarmonjardim.acervos.museus.gov.br/wp-json/tainacan/v2/collection/109360/items/?perpage=96&order=ASC&orderby=date&exposer=csv&mapper=inbcm-ibram&paged=,109360
38,Não há número ,Imagem de santo,Sant’Ana Mestra,Não identificado,"Escultura de figura feminina representando Sant’Ana Mestra, sentada sobre cadeira de madeira, com cabelo coberto por touca. Veste túnica amarela e manto azul com face interna vermelha. O braço direito de Sant’Ana serve de apoio para Maria Menina, que está sentada ao seu colo, do lado direito, com túnica azul-escura (de tom similar ao do manto de Sant’Ana, e segurando um livro). A base é de madeira policromada, com um tom marrom, encimado com tons mais claros dessa cor, dando-nos a impressão de um marmorizado.",Não identificado,02 Artes Visuais/Cinematográfica > 02.3 Escultura,madeira | madeira policromada,47 cm,"20,7","16,7",museusolarmonjardim_-_acervo,https://museusolarmonjardim.acervos.museus.gov.br/wp-json/tainacan/v2/collection/109360/items/?perpage=96&order=ASC&orderby=date&exposer=csv&mapper=inbcm-ibram&paged=,109360
39,150,Imagem de santo,Sant’Ana Mestra,Não identificado,"Escultura de figura feminina representando Sant’Ana Mestra, com cabelo coberto por véu dourado. Veste túnica dourada com detalhes de motivos florais arroxeados nas superfícies interna e externa dessa roupa. O manto verde possui douramento integral com esgrafiados em forma de motivos fitomorfos na face externa, e a face interna vermelha também tem esgrafitos. Em seu lado esquerdo, no colo, segura Maria Menina, que tem as vestes em dourado, com detalhamentos em vermelho; seu cabelo castanho está em parte preso por algo vermelho, em coque alto, e em parte solto; a Menina apoia no colo um livro. A base tem cores e desenhos mais simplificados do que o conjunto escultórico em azul, vermelho e verde, com detalhes amarelo-claros e ornamentos florais na parte da frente.",Não identificado,02 Artes Visuais/Cinematográfica > 02.3 Escultura,madeira | madeira policromada,100 cm,37,28,museusolarmonjardim_-_acervo,https://museusolarmonjardim.acervos.museus.gov.br/wp-json/tainacan/v2/collection/109360/items/?perpage=96&order=ASC&orderby=date&exposer=csv&mapper=inbcm-ibram&paged=,109360
40,159,Imagem de santo,Sant’Ana Mestra,Não identificado,"Escultura de figura feminina representando Sant’Ana Mestra. Está sentada sobre banco azul; tem olhos de vidro; cabelo castanho coberto por véu policromado, com manchas azul-claras e escuras; e algumas áreas de perda; veste túnica na qual se identificaram somente algumas áreas de douramento e manchas vermelhas, talvez o próprio bolo armênio; provavelmente, o manto possuía douramento em reserva (há muita perda de camada pictórica, impossibilitando sua identificação exata). Maria Menina encontra-se ao seu lado esquerdo; apresenta panejamento de tons similares, com douramento em reserva; e ajuda a apoiar um livro com a mão esquerda e encosta-se às páginas desse atributo com o que restou da mão direita (não é possível ver-lhe os dedos). Possui base de madeira.",Não identificado,02 Artes Visuais/Cinematográfica > 02.3 Escultura,madeira | madeira policromada,22 cm,15,8,museusolarmonjardim_-_acervo,https://museusolarmonjardim.acervos.museus.gov.br/wp-json/tainacan/v2/collection/109360/items/?perpage=96&order=ASC&orderby=date&exposer=csv&mapper=inbcm-ibram&paged=,109360
41,161,Imagem de santo,Sant’Ana Mestra,Não identificado,"Escultura de figura feminina representando Sant’Ana Mestra. A imagem encontra-se sentada; possui olhos de vidro, cabelo castanho coberto por manto na cor alaranjada na face externa e azul-clara, com motivos florais, na face interna; veste túnica em tom azul mais escuro do que a tonalidade do manto, com detalhes dourados e motivos florais pintados em nuanças de vermelho, azul e amarelo; sua mão direita está apoiada sobre um livro, e sua mão esquerda “sustenta” Maria Menina. A imagem de Maria Menina usa vestido azul-claro com motivos florais e detalhes de douramento; sua mão esquerda apoia o livro, e seu braço direito se encosta na parte superior desse livro (não tem mais a mão direita). A base é de madeira na cor vermelha.",Não identificado,02 Artes Visuais/Cinematográfica > 02.3 Escultura,madeira | madeira policromada,"22,7 cm",14,"7,5",museusolarmonjardim_-_acervo,https://museusolarmonjardim.acervos.museus.gov.br/wp-json/tainacan/v2/collection/109360/items/?perpage=96&order=ASC&orderby=date&exposer=csv&mapper=inbcm-ibram&paged=,109360
42,156,Imagem de santo,Sant’Ana Mestra,Não identificado,"Escultura de figura feminina representando Sant’Ana Mestra, sentada sobre cadeira grande em cor vermelha, bordas douradas e recosto alto com detalhe na ponta. Possui cabelo castanho coberto por manto. A túnica é avermelhada em tom claro, com detalhes florais em vermelho mais escuro. Maria Menina está ao seu lado esquerdo, com vestes azuis, dotadas de motivos florais nas cores vermelha e azul. A peça possui base oval em madeira com detalhes em azul, branco e preto, parecendo um marmorizado.",Não identificado,02 Artes Visuais/Cinematográfica > 02.3 Escultura,madeira | madeira policromada,30 cm,"15,7",8,museusolarmonjardim_-_acervo,https://museusolarmonjardim.acervos.museus.gov.br/wp-json/tainacan/v2/collection/109360/items/?perpage=96&order=ASC&orderby=date&exposer=csv&mapper=inbcm-ibram&paged=,109360
43,163,Imagem de santo,Sant’Ana Mestra,Não identificado,"Escultura de figura feminina representando Sant’Ana, que se assenta sobre banco de cor vermelha; tem olhos de vidro; cabelo coberto com véu azul, encimado por douramento em reserva e pintura a pincel na cor branca. Veste túnica esverdeada com douramento em reserva e pintura a pincel em forma de motivos florais na cor roxa; tem manto cuja superfície externa mostra a cor laranja com douramento e pintura vermelha a pincel, e a face interna apresenta a cor azul com detalhes dourados e pinturas fitomórficas brancas. A Maria Menina está ao seu lado esquerdo, trajando túnica azul-clara com detalhes ornamentais na gola (uma espécie de bordado), manto de face externa azul — com pintura a pincel e motivos florais nas cores preta e azul-clara — e de face interna na cor roxa. A mão direita de Sant’Ana Mestra segura um livro sobre seu colo, apoiado também pela mão esquerda de Maria Menina, cuja mão direita está sobre o livro. Os pés de Maria Menina estão calçados com sapato dourado, contornado pela cor azul. A peça possui base de cor branca, esverdeada e azul, com as bordas da superfície douradas.",Não identificado,02 Artes Visuais/Cinematográfica > 02.3 Escultura,madeira | madeira policromada,"28,3 cm",17,10,museusolarmonjardim_-_acervo,https://museusolarmonjardim.acervos.museus.gov.br/wp-json/tainacan/v2/collection/109360/items/?perpage=96&order=ASC&orderby=date&exposer=csv&mapper=inbcm-ibram&paged=,109360
44,158,Imagem de santo,Sant’Ana Mestra,Não identificado,"Escultura de figura feminina representando Sant’Ana Mestra; tem olhos de vidro; assenta-se sobre banco, com panejamento azul e amarelo e detalhes em dourado. Maria Menina (cuja cabeça de perdeu) está ao seu lado esquerdo, com vestes de mesma cor, trazendo um livro sobre seu colo. Possui base na cor verde, vermelha e num tom azul mais escurecido.",Não identificado,02 Artes Visuais/Cinematográfica > 02.3 Escultura,madeira | madeira policromada,25 cm,15,7,museusolarmonjardim_-_acervo,https://museusolarmonjardim.acervos.museus.gov.br/wp-json/tainacan/v2/collection/109360/items/?perpage=96&order=ASC&orderby=date&exposer=csv&mapper=inbcm-ibram&paged=,109360
45,151,Imagem de santo,Sant’Ana Mestra,Não identificado,"Escultura de figura feminina representando Sant’Ana Mestra vestindo-se de túnica vermelha e manto azul-escuro, sentada em cadeira grande de cor vermelho-escura, com detalhes dourados; seu dedo indicador da mão direita aponta para um livro que está em seu colo, também tocado pela mão direita de Maria Menina que se encontra ao lado esquerdo de Sant’Ana Mestra. Maria Menina veste túnica de cor azul-escura; e seu cabelo traz uma parte amarrada em forma de coque. A base do conjunto tem aparência marmorizada.",Não identificado,02 Artes Visuais/Cinematográfica > 02.3 Escultura,madeira | madeira policromada,"30,3 cm","14,5","12,7",museusolarmonjardim_-_acervo,https://museusolarmonjardim.acervos.museus.gov.br/wp-json/tainacan/v2/collection/109360/items/?perpage=96&order=ASC&orderby=date&exposer=csv&mapper=inbcm-ibram&paged=,109360
46,155,Imagem de santo,Sant’Ana Mestra,Não identificado,"Escultura de figura feminina representando Sant’Ana Mestra. Está sentada sobre uma cadeira vermelha com detalhe amarelo na parte superior do móvel; tem cabelo coberto por uma espécie de touca em cor acinzentada. Usa vestimenta roxa em detalhes dourados, vermelhos e verdes, com borda vermelha seguida de douramento. Carrega Maria Menina ao colo, do lado esquerdo. A Menina veste roupa em tom verde-claro sobreposta por motivos florais verdes e vermelhos, e com bordas verdes seguidas de douramento. A mão esquerda de Maria Menina apoia um livro, e com a mão direita o toca, apontando para os sinais presentes nele. O livro também é apoiado pela mão esquerda de Sant’Ana Mestra. A base da peça é vermelha. A parte detrás da peça é chapada.",Não identificado,02 Artes Visuais/Cinematográfica > 02.3 Escultura,terracota | terracota policromada,20 cm,10,12,museusolarmonjardim_-_acervo,https://museusolarmonjardim.acervos.museus.gov.br/wp-json/tainacan/v2/collection/109360/items/?perpage=96&order=ASC&orderby=date&exposer=csv&mapper=inbcm-ibram&paged=,109360
47,143,Imagem de santo,Sta. Luzia,Não identificado,"Escultura de figura feminina representando Sta. Luzia; tem o cabelo castanho descoberto, panejamento vermelho, verde, azul-claro e branco, com detalhes florais em azul-escuro, dourado e rosa; suas mãos estão erguidas à frente; a mão esquerda segura um recipiente oval, provavelmente um prato. Possui base arredondada na cor azul, com traços brancos, azul-escuro e dourados na parte superior.",Não identificado,02 Artes Visuais/Cinematográfica > 02.3 Escultura,madeira | madeira policromada,"23,3 cm",11,"7,5",museusolarmonjardim_-_acervo,https://museusolarmonjardim.acervos.museus.gov.br/wp-json/tainacan/v2/collection/109360/items/?perpage=96&order=ASC&orderby=date&exposer=csv&mapper=inbcm-ibram&paged=,109360
48,141,Imagem de santo,Santa Luzia,Não identificado,"Escultura de figura feminina representando Sta. Luzia, com cabelo castanho coberto por véu. Apresenta panejamento com pintura a pincel, punções e douramento em reserva. Aparentemente, os braços estão levemente levantados à frente, sob o manto da imagem. Seus antebraços dirigidos à frente têm as mãos em posição de segurar atributos. A mão direita soltou-se da peça.",Não identificado,02 Artes Visuais/Cinematográfica > 02.3 Escultura,madeira | madeira policromada,27 cm,13,"7,5",museusolarmonjardim_-_acervo,https://museusolarmonjardim.acervos.museus.gov.br/wp-json/tainacan/v2/collection/109360/items/?perpage=96&order=ASC&orderby=date&exposer=csv&mapper=inbcm-ibram&paged=,109360
49,139,Imagem de santo,Sta. Luzia,Não identificado,"Escultura de figura feminina representando Sta. Luzia, com cabelo castanho descoberto, panejamento azul, roxo e detalhes em dourado; tem as mãos estendidas à frente; está sobre base de cor azul com traçados esbranquiçados e douramento na parte de cima.",Não identificado,02 Artes Visuais/Cinematográfica > 02.3 Escultura,madeira | madeira policromada,"25,5 cm",12,"7,5",museusolarmonjardim_-_acervo,https://museusolarmonjardim.acervos.museus.gov.br/wp-json/tainacan/v2/collection/109360/items/?perpage=96&order=ASC&orderby=date&exposer=csv&mapper=inbcm-ibram&paged=,109360
50,144,Imagem de santo,Santa Margarida de Cortona,Não identificado,"Escultura de figura feminina representando Sta. Margarida de Cortona, olhando para cima, com braços próximos ao peito; seu cabelo é castanho escuro e seu peito está nu; há manchas vermelhas nas costas, representando sangue decorrente de flagelação; expõe correntes em dourado na cintura e braços; apresenta panejamento na parte de baixo com esgrafito; há um crânio ao lado esquerdo dos pés; possui elementos representativos de flagelação de chicote com lâminas; e está sobre base de cores verde, dourada e azul.",Não identificado,02 Artes Visuais/Cinematográfica > 02.3 Escultura,madeira | madeira policromada,34 cm,"21,5","15,5",museusolarmonjardim_-_acervo,https://museusolarmonjardim.acervos.museus.gov.br/wp-json/tainacan/v2/collection/109360/items/?perpage=96&order=ASC&orderby=date&exposer=csv&mapper=inbcm-ibram&paged=,109360
51,149,Imagem de santo,Sta. Rosa de Viterbo,Não identificado,"Escultura de figura feminina representando Sta. Rosa de Viterbo, de cabelos cobertos por touca e véu, mãos estendidas para frente, com panejamento marrom, cinza e detalhes florais em dourado, com cordão franciscano na cintura. Está em pé sobre base retangular cinza e tem sapatos a mostra.",Não identificado,02 Artes Visuais/Cinematográfica > 02.3 Escultura,madeira | madeira policromada,83 cm,35,25,museusolarmonjardim_-_acervo,https://museusolarmonjardim.acervos.museus.gov.br/wp-json/tainacan/v2/collection/109360/items/?perpage=96&order=ASC&orderby=date&exposer=csv&mapper=inbcm-ibram&paged=,109360
52,170,Imagem de santo,Santo Antônio,Não identificado,"Escultura de figura masculina representando Santo Antônio em pé. Possui cabelo castanho com corte à franciscana (tonsurado — raspado no centro da cabeça); veste túnica e capuz na cor preta, com bordas douradas e motivos florais dourados; tem os braços dobrados, estendendo o antebraço para frente; falta-lhe a mão direita; e a mão esquerda está com uma parte quebrada; traz os pés calçados com sandália sobre base azul com linhas curvas e onduladas de um azul mais claro.",Não identificado,02 Artes Visuais/Cinematográfica > 02.3 Escultura,madeira | madeira policromada,25 cm,"8,7","6,5",museusolarmonjardim_-_acervo,https://museusolarmonjardim.acervos.museus.gov.br/wp-json/tainacan/v2/collection/109360/items/?perpage=96&order=ASC&orderby=date&exposer=csv&mapper=inbcm-ibram&paged=,109360
53,169,Imagem de santo,Santo Antônio,Não identificado,"Escultura de figura masculina representando Santo Antônio em pé; cabelo cortado à franciscana (tonsurado — raspado no centro da cabeça), trajando hábito e capuz na cor preta, com bordas douradas. Está ornamentado com motivos florais, apenas na parte anterior. Há duas cordas douradas entalhadas à cintura, caindo-lhe pelo lado direito no panejamento; também veste túnica marrom com motivos florais. O braço direito está estendido e levemente virado para a direita (não tem mais a mão direita); a mão esquerda segura um livro vermelho com páginas de um branco levemente amarelado; os pés descalços podem ser vistos sobre a base em formato de trapézio, na cor preta, com a superfície vermelha.",Não identificado,02 Artes Visuais/Cinematográfica > 02.3 Escultura,madeira | madeira policromada,"28,5 cm","9,5","6,5",museusolarmonjardim_-_acervo,https://museusolarmonjardim.acervos.museus.gov.br/wp-json/tainacan/v2/collection/109360/items/?perpage=96&order=ASC&orderby=date&exposer=csv&mapper=inbcm-ibram&paged=,109360
54,175,Imagem de santo,Santo Antônio,Não identificado,"Escultura de figura masculina representando Santo Antônio em pé, com cabelo cortado à franciscana (tonsurado — raspado no centro da cabeça). Tem hábito longo com capuz na cor preta, corda na cor dourada à cintura; a mão direita próxima ao corpo, e a esquerda segura um livro; pés com sandálias à mostra; está sobre base de madeira com policromia desgastada.",Não identificado,02 Artes Visuais/Cinematográfica > 02.3 Escultura,madeira | madeira policromada,28 cm,10,"8,5",museusolarmonjardim_-_acervo,https://museusolarmonjardim.acervos.museus.gov.br/wp-json/tainacan/v2/collection/109360/items/?perpage=96&order=ASC&orderby=date&exposer=csv&mapper=inbcm-ibram&paged=,109360
55,176,Imagem de santo,Santo Antônio,Não identificado,"Escultura de figura masculina representando Santo Antônio em pé, com cabelo cortado à franciscana (tonsurado — raspado no centro da cabeça); veste hábito longo, com capuz na cor marrom-escura, e traz corda branca à cintura. A roupa tem detalhes em dourado nas bordas. Com a mão direita, segura o objeto que parece ser uma haste, provavelmente de um lírio, segundo a sua iconografia, identificado na cor verde. A mão esquerda segura um livro vermelho (com Menino Jesus nu carregando cruz?); os pés calçam sandálias à mostra; está sobre base de madeira branca com detalhes de flores vermelhas, amarelas e folhas verdes estilizadas.",Não identificado,02 Artes Visuais/Cinematográfica > 02.3 Escultura,madeira | madeira policromada,"26,6 cm","9,8","9,5",museusolarmonjardim_-_acervo,https://museusolarmonjardim.acervos.museus.gov.br/wp-json/tainacan/v2/collection/109360/items/?perpage=96&order=ASC&orderby=date&exposer=csv&mapper=inbcm-ibram&paged=,109360
56,195,Imagem de santo,São Bento,Não identificado,"Escultura de figura masculina representando São Bento; é calvo e está em pé, vestindo um traje sacerdotal; tem o antebraço direito suspenso e levemente inclinado à esquerda. Há grande perda na lateral direita com supressão do braço. Apresenta pés calçados com sapato preto; põe-se sobre base quadrangular, com perda de policromia.",Não identificado,02 Artes Visuais/Cinematográfica > 02.3 Escultura,madeira | madeira policromada,71 cm,29,17,museusolarmonjardim_-_acervo,https://museusolarmonjardim.acervos.museus.gov.br/wp-json/tainacan/v2/collection/109360/items/?perpage=96&order=ASC&orderby=date&exposer=csv&mapper=inbcm-ibram&paged=,109360
57,196,Imagem de santo,São Cosme ou Damião,Não identificado,"Escultura de figura masculina representando São Cosme ou Damião, em pé; tem olhos de vidro, cabelo castanho e chapéu dourado. Usa uma veste dourada com detalhes fitomórficos pretos e capa azul com douramento em reserva, acompanhado de pintura a pincel com motivos fitomórficos e bordas douradas.  Há uma sobrecapa verde com detalhes e bordas douradas. Também usa meias verdes com esgrafitos azuis e sapato preto com detalhes dourados. A base tem formato retangular em tom de marrom.",Não identificado,02 Artes Visuais/Cinematográfica > 02.3 Escultura,madeira | madeira policromada,22 cm,10,6,museusolarmonjardim_-_acervo,https://museusolarmonjardim.acervos.museus.gov.br/wp-json/tainacan/v2/collection/109360/items/?perpage=96&order=ASC&orderby=date&exposer=csv&mapper=inbcm-ibram&paged=,109360
58,197,Imagem de santo,São Cosme ou Damião,Não identificado,"Escultura de figura masculina representando São Cosme ou Damião; está em pé, tem olhos de vidro, cabelo castanho e chapéu com resquícios de douramento. Usa uma veste dourada com detalhes fitomórficos pretos e capa azul com douramento em reserva, acompanhado de pintura a pincel com motivos fitomórficos e bordas douradas. Há uma sobrecapa verde com detalhes e bordas douradas. Também usa meias verdes. Pela referência do outro São Cosme ou Damião do acervo, possivelmente a imagem usa sapatos, que ficaram imperceptíveis nesta escultura, devido à perda de camada pictórica. A base é de madeira retangular vermelha.",Não identificado,02 Artes Visuais/Cinematográfica > 02.3 Escultura,madeira | madeira policromada,22 cm,"9,5","4,5",museusolarmonjardim_-_acervo,https://museusolarmonjardim.acervos.museus.gov.br/wp-json/tainacan/v2/collection/109360/items/?perpage=96&order=ASC&orderby=date&exposer=csv&mapper=inbcm-ibram&paged=,109360
59,6,Cabeça,São Francisco de Assis,Não identificado,"Cabeça de figura masculina representando São Francisco, calvo na parte superior central; o cabelo encaracolado nas partes laterais e posterior é cortado em estilo franciscano; tem barba pontiaguda e bifurcada na parte frontal no queixo e bigode. Possui suporte de madeira escura na área do pescoço para fixação em alguma estrutura, possivelmente intervenção posterior. Apresenta resquícios de policromia generalizada.",Não identificado,02 Artes Visuais/Cinematográfica > 02.3 Escultura,imagem de vestir | madeira,"32,5 cm",21,"16,5",museusolarmonjardim_-_acervo,https://museusolarmonjardim.acervos.museus.gov.br/wp-json/tainacan/v2/collection/109360/items/?perpage=96&order=ASC&orderby=date&exposer=csv&mapper=inbcm-ibram&paged=,109360
60,198,Imagem de santo,São Francisco de Assis,Não identificado,"Escultura de figura masculina representando São Francisco de Assis, em pé; cabelo marrom-escuro tonsurado (raspado ao centro da cabeça) e barba de mesma cor; tem mão direita suspensa, como se segurasse algo, e a mão esquerda próxima ao peito. Veste hábito e capuz marrom-escuros com douramento integral e esgrafitos formando desenhos de arabescos e flores encimados por punções; há uma corda dourada à cintura. O pé direito está quebrado. O pé esquerdo calça sandália de cor marrom; está sobre base marmorizada com tons cinzas e azuis.",Não identificado,02 Artes Visuais/Cinematográfica > 02.3 Escultura,madeira | madeira policromada,95 cm,40,46,museusolarmonjardim_-_acervo,https://museusolarmonjardim.acervos.museus.gov.br/wp-json/tainacan/v2/collection/109360/items/?perpage=96&order=ASC&orderby=date&exposer=csv&mapper=inbcm-ibram&paged=,109360
61,202,Imagem de santo,São Francisco de Paula,Não identificado,"Escultura de figura masculina com barba espessa, representando São Francisco de Paula em pé. Veste hábito preto com um capucho que lhe cobre a cabeça. Apresenta na área do tronco uma pintura em formato de sol vermelho, com raios esverdeados, provavelmente uma pintura dourada oxidada. O hábito é cinturado por um cordão duplo, entalhado. A mão direita está suspensa, inclinada levemente à direita, e a mão esquerda suspensa para frente; traz os pés descalços sobre base de cor acinzentada.",Não identificado,02 Artes Visuais/Cinematográfica > 02.3 Escultura,madeira | madeira policromada,48 cm,"18,5",15,museusolarmonjardim_-_acervo,https://museusolarmonjardim.acervos.museus.gov.br/wp-json/tainacan/v2/collection/109360/items/?perpage=96&order=ASC&orderby=date&exposer=csv&mapper=inbcm-ibram&paged=,109360
62,210,Imagem de santo,São João Batista,Não identificado,"Escultura de figura masculina representando São João Batista em pé; tem cabelo longo; traja túnica azulada e rosada — com visível reintegração cromática — e manto rosa com douramento em reserva e pintura a pincel com motivos fitomórficos e bordas douradas; possui braços estendidos à frente (faltam-lhe os antebraços e as mãos); está com os pés descalços; ao lado esquerdo, há uma representação de carneiro. A base é azul, contendo tracejados azul-claros e azul-escuros, com a parte de cima verde e as bordas douradas.",Não identificado,02 Artes Visuais/Cinematográfica > 02.3 Escultura,madeira | madeira policromada,"22,7 cm","8,8",5,museusolarmonjardim_-_acervo,https://museusolarmonjardim.acervos.museus.gov.br/wp-json/tainacan/v2/collection/109360/items/?perpage=96&order=ASC&orderby=date&exposer=csv&mapper=inbcm-ibram&paged=,109360
63,211,Imagem de santo,São João Batista,Não identificado,"Escultura de figura masculina representando São João Batista em pé; traz cabelos longos; e o planejamento, que lhe desce até os joelhos, tem cor amarela com corte pintado na cor marrom (como um bordado); traja manta longa na cor rosa, com douramento em reserva e pintura a pincel em forma de motivos fitomórficos; seu braço esquerdo se estende à esquerda; e o direito está rente ao corpo; tem os pés descalços; há um carneiro branco ao lado de sua perna esquerda; está sobre base branca com manchas amarronzadas, sendo uma parte em cor verde.",Não identificado,02 Artes Visuais/Cinematográfica > 02.3 Escultura,madeira | madeira policromada,29 cm,16,"7,5",museusolarmonjardim_-_acervo,https://museusolarmonjardim.acervos.museus.gov.br/wp-json/tainacan/v2/collection/109360/items/?perpage=96&order=ASC&orderby=date&exposer=csv&mapper=inbcm-ibram&paged=,109360
64,207,Imagem de santo,São João Batista,Não identificado,Escultura de figura masculina representando São João Batista em pé; tem cabelo encaracolado parcialmente longo e barba; seu panejamento representando pele animal vai até os joelhos; traja manta longa com face externa verde e face interna vermelha; seu braço esquerdo carrega um livro encimado por um carneiro; tem os com pés descalços; e está sobre base na cor verde.,Não identificado,02 Artes Visuais/Cinematográfica > 02.3 Escultura,terracota | terracota policromada,"20,5 cm","10,5","8,5",museusolarmonjardim_-_acervo,https://museusolarmonjardim.acervos.museus.gov.br/wp-json/tainacan/v2/collection/109360/items/?perpage=96&order=ASC&orderby=date&exposer=csv&mapper=inbcm-ibram&paged=,109360
65,209,Imagem de santo,São João Batista,Não identificado,"Escultura de figura masculina representando São João Batista em pé; tem cabelo longo e usa barba; seu panejamento na cor branca, que representa pele de animal, desce até os joelhos; também traja manta longa na cor vermelha, contendo douramento em reserva e pintura a pincel com desenhos de folhagens; seu braço direito está  rente ao corpo; e o esquerdo, estendido à frente; traz os pés descalços; e posa sobre base verde e amarela, representando rocha.",Não identificado,02 Artes Visuais/Cinematográfica > 02.3 Escultura,madeira | madeira policromada,"25,5 cm","12,5",7,museusolarmonjardim_-_acervo,https://museusolarmonjardim.acervos.museus.gov.br/wp-json/tainacan/v2/collection/109360/items/?perpage=96&order=ASC&orderby=date&exposer=csv&mapper=inbcm-ibram&paged=,109360
66,206,Imagem de santo,São João Batista,Não identificado,"Escultura de figura masculina representando São João Batista em pé, cabelo curto, imberbe; tem parte do peitoral à mostra no lado esquerdo; o panejamento representa pele animal e desce até os joelhos; usa manta longa e vermelha; seu braço direito está estendido, mas não tem mais a mão direita; o braço esquerdo acaricia (o carneiro?); tem os pés descalços; e se posta numa base simulando rocha, sobre pedestal clássico.",Não identificado,02 Artes Visuais/Cinematográfica > 02.3 Escultura,terracota | terracota policromada,"20,5 cm",11,"8,5",museusolarmonjardim_-_acervo,https://museusolarmonjardim.acervos.museus.gov.br/wp-json/tainacan/v2/collection/109360/items/?perpage=96&order=ASC&orderby=date&exposer=csv&mapper=inbcm-ibram&paged=,109360
67,212,Imagem de santo,São João Batista,Não identificado,"Escultura de figura masculina representando São João Batista em pé; tem cabelo parcialmente longo; panejamento até os joelhos; a cor desse panejamento é esbranquiçada, com bolinhas azuis e duas linhas vermelhas à cintura, com bordas azuis. A face interna da veste seria vermelha, considerando-se aparentes bordas dessa cor no panejamento. A escultura possui braços estendidos para frente (não tem mais as mãos), e está com os pés descalços sobre base de formato quadrangular, com resquícios de cor vermelha.",Não identificado,02 Artes Visuais/Cinematográfica > 02.3 Escultura,madeira | madeira policromada,21 cm,"6,5",5,museusolarmonjardim_-_acervo,https://museusolarmonjardim.acervos.museus.gov.br/wp-json/tainacan/v2/collection/109360/items/?perpage=96&order=ASC&orderby=date&exposer=csv&mapper=inbcm-ibram&paged=,109360
68,208,Imagem de santo,São João Batista,Não identificado,"Escultura de figura masculina representando São João Batista em pé; usa cabelo longo; tem panejamento na cor cinza, com gola e cinto vermelho; estende os braços à frente (mas perdeu o antebraço direito); com o braço esquerdo, segura um livro encimado por uma representação de carneiro. São João Batista está com pés descalços sobre base na cor vermelha.",Não identificado,02 Artes Visuais/Cinematográfica > 02.3 Escultura,madeira | madeira policromada,"19,5 cm",10,"6,5",museusolarmonjardim_-_acervo,https://museusolarmonjardim.acervos.museus.gov.br/wp-json/tainacan/v2/collection/109360/items/?perpage=96&order=ASC&orderby=date&exposer=csv&mapper=inbcm-ibram&paged=,109360
69,217,Imagem de santo,São João Nepomuceno,Não identificado,"Escultura de figura masculina representando São João Nepomuceno em pé; apresenta olhos de vidro; cabelo tonsurado (raspado no centro da cabeça); e usa barba. Sua cabeça está levemente inclinada à esquerda. Veste uma batina preta de sacerdote da ordem dominicana, com a face interna marrom, observada na policromia da dobra do barrado; representando sua pureza de coração, há uma sobrepeliz branca, com detalhes ornamentais nas bordas e encimada por uma cruz no peito; essa cruz simbolizaria sofrimento, martírio e morte por causa de sua fidelidade ao Cristo e ao segredo da confissão. Traja também um manto marrom, que representa sua humildade. Tem o braço direito suspenso, como se fosse levar a mão direita (que falta à escultura) ao coração; e o braço esquerdo está suspenso à frente; seus pés calçam sapatos pretos, mas o pé direito está quebrado ao meio. A base tem formato de ponte, com tom esverdeado e resquícios de douramento; provavelmente essa base se deva ao fato de esse santo ser conhecido popularmente como protetor das pontes.",Não identificado,02 Artes Visuais/Cinematográfica > 02.3 Escultura,madeira | madeira policromada,"37,5 cm",16,11,museusolarmonjardim_-_acervo,https://museusolarmonjardim.acervos.museus.gov.br/wp-json/tainacan/v2/collection/109360/items/?perpage=96&order=ASC&orderby=date&exposer=csv&mapper=inbcm-ibram&paged=,109360
70,218,Imagem de santo,São José,Não identificado,"Escultura de figura masculina representando São José. Está de pé; usa cabelo longo e barba na cor marrom-clara; as mãos se estendem à frente. Veste túnica roxa com bordas douradas e extremidades da gola, das mangas e do barrado na cor verde; há douramento em reserva e pintura a pincel em tons mais escuros e claros do que a nuança da túnica. O manto tem a face externa vermelho-alaranjada, com douramento em reserva e pintura a pincel em motivos fitomorfos vermelhos; a face interna do manto é azul-clara, com douramento em reserva e pintura a pincel em forma de motivos florais brancos; os pés estão calçados com sapatos pretos, pisando sobre base azul-clara com tracejados de azul-escuro e branco, tendo borda da superfície a cor dourada.",Não identificado,02 Artes Visuais/Cinematográfica > 02.3 Escultura,madeira | madeira policromada,23 cm,6,7,museusolarmonjardim_-_acervo,https://museusolarmonjardim.acervos.museus.gov.br/wp-json/tainacan/v2/collection/109360/items/?perpage=96&order=ASC&orderby=date&exposer=csv&mapper=inbcm-ibram&paged=,109360
71,225,Imagem de santo,São José,Não identificado,"Escultura de figura masculina representando São José em pé; tem olhos de vidro, usa cabelo longo e barba. Veste túnica policromada com bordas douradas e douramento em reserva encimado por punções e elementos fitomorfos de pintura a pincel; usa um manto que mostra na face externa vermelha douramento em reserva e pintura a pincel, com desenhos de frutos e folhas; na face interna, veem-se a cor azul-clara e a pintura a pincel, com folhas brancas; o braço direito se estende levemente à direita; a mão esquerda segura o manto dobrado; os pés aparentes calçam sapatos pretos e pisam sobre base azulada com bastante sujidade e perda da camada pictórica.",Não identificado,02 Artes Visuais/Cinematográfica > 02.3 Escultura,madeira | madeira policromada,"41,5 cm","18,5",13,museusolarmonjardim_-_acervo,https://museusolarmonjardim.acervos.museus.gov.br/wp-json/tainacan/v2/collection/109360/items/?perpage=96&order=ASC&orderby=date&exposer=csv&mapper=inbcm-ibram&paged=,109360
72,229,Imagem de santo,S. Ruperto,Não identificado,"Escultura de figura masculina representando S. Ruperto em pé; usa barba e cabelos compridos até os ombros, mas tem entradas; seu braço direito se direciona para o chão; o esquerdo se levanta à frente (a mão esquerda está solta). Tem chapéu preto pendurado às costas e um cordão que lhe prende, aparecendo sobre o panejamento no tronco. Possui veste sacerdotal azul-clara, com motivos florais, cuja capa apresenta a face externa verde, com motivos florais, e a face interna na cor vermelha. Calça sandálias pretas e está sobre base arredondada na cor vermelha.",Não identificado,02 Artes Visuais/Cinematográfica > 02.3 Escultura,madeira | madeira policromada,42 cm,"19,5",14,museusolarmonjardim_-_acervo,https://museusolarmonjardim.acervos.museus.gov.br/wp-json/tainacan/v2/collection/109360/items/?perpage=96&order=ASC&orderby=date&exposer=csv&mapper=inbcm-ibram&paged=,109360
73,230,Imagem de santo,São Sebastião,Não identificado,"Escultura de figura masculina representando S. Sebastião em pé, com cabelo e sem barba; está coberto por perizônio, com áreas de tons bege, azul e cinza. Do lado direito, no peito, tem uma perfuração de onde saem traços e pingos vermelhos, representando sangue. Tem os pés descalços sobre base pintada de vermelho com áreas amareladas onde está fixado um tronco de árvore que serve como recosto para a escultura.",Não identificado,02 Artes Visuais/Cinematográfica > 02.3 Escultura,madeira | madeira policromada,"24,5 cm","11,5",4,museusolarmonjardim_-_acervo,https://museusolarmonjardim.acervos.museus.gov.br/wp-json/tainacan/v2/collection/109360/items/?perpage=96&order=ASC&orderby=date&exposer=csv&mapper=inbcm-ibram&paged=,109360
74,234,Imagem de santo,Senhor da Cana Verde,Não identificado,"Figura masculina representando Bom Jesus da Cana Verde, com mãos atadas por corda (seria de cipó?), com respingos em vermelho sobre o corpo, representando sangue; veste manto vermelho e segura uma cana verde na mão esquerda. Artefato chapado na parte detrás.",Não identificado,02 Artes Visuais/Cinematográfica > 02.3 Escultura,madeira | madeira policromada,78 cm,37,11,museusolarmonjardim_-_acervo,https://museusolarmonjardim.acervos.museus.gov.br/wp-json/tainacan/v2/collection/109360/items/?perpage=96&order=ASC&orderby=date&exposer=csv&mapper=inbcm-ibram&paged=,109360
75,235,Imagem de santo,Senhor dos Passos,Não identificado,"Figura masculina parcialmente ajoelhada — o joelho esquerdo toca o chão e a perna direita, bastante flexionada, provavelmente tenta erguer o corpo. Apresenta a cabeça, o olhar e o ombro muito voltados para a lateral direita; a mão direita se volta para baixo, próxima à região da genitália, e a mão esquerda ergue-se acima da cabeça: ambas provavelmente seguravam uma cruz. Usa barba e bigode e não tem cabelos, provavelmente usava peruca. Veste perizônio e apresenta chagas na face, no pescoço, peito, joelho e nas costas.",Não identificado,02 Artes Visuais/Cinematográfica > 02.3 Escultura,imagem de vestir | madeira,39 cm,19,14,museusolarmonjardim_-_acervo,https://museusolarmonjardim.acervos.museus.gov.br/wp-json/tainacan/v2/collection/109360/items/?perpage=96&order=ASC&orderby=date&exposer=csv&mapper=inbcm-ibram&paged=,109360
76,233,Imagem de santo,Senhor dos Passos,Não identificado,"Figura masculina representando Senhor dos Passos, com olhos de vidro; tem coroa de espinhos, panejamento vermelho e orla com detalhes dourados. O braço direito está dobrado, curvado à direita; e o esquerdo, erguido.",Não identificado,02 Artes Visuais/Cinematográfica > 02.3 Escultura,madeira | madeira policromada,23 cm,"12,5",11,museusolarmonjardim_-_acervo,https://museusolarmonjardim.acervos.museus.gov.br/wp-json/tainacan/v2/collection/109360/items/?perpage=96&order=ASC&orderby=date&exposer=csv&mapper=inbcm-ibram&paged=,109360
