,Outros números,Denominação,Título,Autor,Resumo descritivo,Material/Técnica,Classificação,Data de produção,Local de produção,Condições de reprodução,ACERVO,URL,TAINACAN_COLECTION_ID
0,T 1118,Costume,,Não identificado,"Costume em seda azul marinho e estampado com motivos florais, sendo apenas na frente rebordada em lantejoulas e strass; Casaco com abertura frontal, tendo na parte interna frontal, tipo colete, em seda azul fechado por 14 botões pequenos recobertos no mesmo tecido. Na linha da cintura faixa de seda creme em bico, abotoada por 3 colchetes. Parte frontal forma bico ao centro, na junção das duas abas, tendo de cada lado bordado com motivos florais. Gola em filo bordado em linha branca, formando flores, arrematado em babados franzidos. Costas com 2 grande cortes que se prolongam até o fim do casaco formando uma costura macho. Mangas ¾ justas, com ombro formando 2 babados sobre manga e mais uma pequena faixa ao centro, dando uma idéia de formar um laço. Resto da manga com franzido.
Saia de cós reto e simples, ampla. Frente reta, com ligeiro franzido. Abotoamento as costas, na parte interna. Por 2 colchetes. Parte de trás com grande macho de 3 pregas, acompanhando a costura da blusa. Forro em seda azul com babado e franzido;
Anquinha interna, presa ao cós que vem da frente. Pequena almofada revestida de seda azul e presa por faixa de seda creme.",Miçanga | Seda | Strass,12 Objetos Pessoais > 12.8 Peça de Indumentária,Não identificado,Não identificado,,museucasadahera_-_indumentaria,https://museucasadahera.acervos.museus.gov.br/wp-json/tainacan/v2/collection/42232/items/?perpage=96&order=ASC&orderby=date&exposer=csv&mapper=inbcm-ibram&paged=,42232
1,T 1125,Vestido,,Não identificado,"Vestido de festa em crepe de seda creme; Decote redondo, com bordado em fios metálicos (dourado e prata) e lantejoulas; Mangas curtas, bufante, franzidas no punho; Abotoamento nas costas por 5 colchetes; Costura logo a baixo do peito, formando franzido de onde saia a saia; Forro em cetim rosa com 9 barbatanas e mais duas nas extremidades; Saia com amplo panejamento; Barrado com bordado em fios metalizados (dourado e prata) e lantejoulas, formando desenhos geométricos variados e motivos florias; 2 tecidos de forro, um em cetim com 2 babados – um franzido e o outro plissado – e o outro em filó; Cinto em cetim rosa bordado por fios metalizados, arremate em “V” e abotoamento por dois colchetes.",Cetim | Crepe de Seda | Filó | Fios Metálicos | Lantejoulas,12 Objetos Pessoais > 12.8 Peça de Indumentária,Não identificado,Não identificado,,museucasadahera_-_indumentaria,https://museucasadahera.acervos.museus.gov.br/wp-json/tainacan/v2/collection/42232/items/?perpage=96&order=ASC&orderby=date&exposer=csv&mapper=inbcm-ibram&paged=,42232
2,T 1120,Costume,,Francis Co,"Costume de seda azul turquesa decorado com debrum de seda listrado em bege e preto; Casaco curto, justo e com abertura frontal transpassada com 5 botões – de casa lado- em metal dourado, enfileirados verticalmente. Gola em lapela com ponta acentuada e recortada, com o debrum listrado. Mangas longas, levemente bufante no ombro, punhos abertos nas laterais, arrematado com debrum. Na parte frontal do punho há outro friso em debrum formando bico. Forro em seda creme; 
Gola a parte, encaixando por debaixo do casaco. Fecha por 5 ganchos na parte interna. Composta de 3 camadas justapostas, recortada em ondas e arrematadas por debrum. Forro em seda creme. 
Saia com cós reto. Abotoamento lateral a direita por 6 colchetes. Bolso simples embutido a esquerda. Barra com 3 camadas de babados com o mesmo padrão decorativo da gola. Forro em cetim creme.",Cetim | Seda,12 Objetos Pessoais > 12.8 Peça de Indumentária,Não identificado,França > Paris,,museucasadahera_-_indumentaria,https://museucasadahera.acervos.museus.gov.br/wp-json/tainacan/v2/collection/42232/items/?perpage=96&order=ASC&orderby=date&exposer=csv&mapper=inbcm-ibram&paged=,42232
3,T 1162,Chapéu,,Não identificado,"Chapéu pequeno, oval; Forrado em tecido que parece uma trança em tom café; Saindo da parte frontal pena de ave; Faixa decorativa circula a peça, forma drapeados ao longo do chapéu e na frente um enfeite geométrico, aparentemente o tecido é veludo em tom de marrom; Saindo na parte traseira direita, a partir da faixa, tecido em crepe de seda marrom, com caimento curto e na ponta franja do mesmo tecido; Saindo da parte traseira esquerda do chapéu, longa faixa em gaze marrom.",Crepe de Seda | Gaze | Plumas | Veludo,12 Objetos Pessoais > 12.8 Peça de Indumentária,Não identificado,Não identificado,,museucasadahera_-_indumentaria,https://museucasadahera.acervos.museus.gov.br/wp-json/tainacan/v2/collection/42232/items/?perpage=96&order=ASC&orderby=date&exposer=csv&mapper=inbcm-ibram&paged=,42232
4,T 1163,Chapéu,,MME. CLÉRICE,"Chapéu originalmente fúcsia; Forrada de filó de mesma cor; Faixa em veludo preto entre a aba e o copa; Arrematando estrutura em arame, que seria originalmente uma borboleta, sendo seu corpo em veludo preto e a estrutura das assas forrado em renda creme.",Arame | Filó | Palha | Veludo,12 Objetos Pessoais > 12.8 Peça de Indumentária,Não identificado,França > Paris,,museucasadahera_-_indumentaria,https://museucasadahera.acervos.museus.gov.br/wp-json/tainacan/v2/collection/42232/items/?perpage=96&order=ASC&orderby=date&exposer=csv&mapper=inbcm-ibram&paged=,42232
5,T 1151,Casaco,,Morin & Blossier,"Casaco curto, modelo pelerine, em camurça amarela; Godê muito acentuado; Abertura frontal ladeada com plumas creme, seguido por pala terminando em bico, bordada com fios metálicos, lantejoulas e perolas, com motivos florais. Ladeando a pala bordada, renda branca que passa pela frente e costas da pelerine; Gola fechada, também bordada com fios metalizados e recoberta de filó branco; Todo o barrado da peça leva o mesmo bordado metálico; Forro de entre tela em lã e seda creme.",Camurça | Cetim | Fios Metálicos | Lantejoulas | Perola | Plumas | Renda,12 Objetos Pessoais > 12.8 Peça de Indumentária,Não identificado,França > Paris,,museucasadahera_-_indumentaria,https://museucasadahera.acervos.museus.gov.br/wp-json/tainacan/v2/collection/42232/items/?perpage=96&order=ASC&orderby=date&exposer=csv&mapper=inbcm-ibram&paged=,42232
6,S/N,Blusa,,Nanquiu,"Blusa de alça com abotoamento frontal por 10 colchetes; Corpo em gaze vermelha recoberta por malha bordada por minúsculas lantejoulas brancas; Alças bordadas por fios metalizados, pedras, lantejoulas, flores de tecido roxo e gaze branca; Capa em gaze roxo, presa ao ombro direito há colchetes de pressão no corpo para prende - lá lateralmente. A capa tem formado retangular, com a borda trabalhada em fios metálicos. Toda a extensão da peça é bordada com fios metálicos, miçangas, canutilhos e pedras.",Canutilhos | Fios Metálicos | Gaze | Miçanga,12 Objetos Pessoais > 12.8 Peça de Indumentária,1912,França > Paris,,museucasadahera_-_indumentaria,https://museucasadahera.acervos.museus.gov.br/wp-json/tainacan/v2/collection/42232/items/?perpage=96&order=ASC&orderby=date&exposer=csv&mapper=inbcm-ibram&paged=,42232
7,T 1133,Costume,,Não identificado,"Costume em tafetá marrom; Casaco com decote alto. Gola redonda. Abertura frontal, abotoado por 7 botões redondos forrado do mesmo tecido. Frufru de mesmo tecido formando recorte retangular saindo dos ombros e descendo até a altura do peito. Mangas longas, justas e com punhos abertos nas laterais, arrematado com mesma decoração do busto. Internamente barbatanas no corpete;
Saia longa com abertura frontal feita por transpasse criando pregas á direita e a esquerda. Bolso embutido. Cós liso. Pequena cauda.
Sobre-saia formada por 4 panos recortados em bico. Frufru to mesmo tecido percorrendo todas as bordas e terminando em franja em um tom um pouco mais claro. Cós liso e reto. Ao centro pequeno laço formado do mesmo tecido e bordas desfiadas. Abotoamento frontal por 2 colchetes.",Tafetá,12 Objetos Pessoais > 12.8 Peça de Indumentária,Não identificado,Não identificado,,museucasadahera_-_indumentaria,https://museucasadahera.acervos.museus.gov.br/wp-json/tainacan/v2/collection/42232/items/?perpage=96&order=ASC&orderby=date&exposer=csv&mapper=inbcm-ibram&paged=,42232
8,T 1155,Costume,,Charles Worth,"Traje de montaria – costume – em veludo roxo; Abertura frontal, abotoada por colchetes. Casaco com decote alto. Gola alta redonda e fechada, em lã rosa, com bordado trançado em dourado. Logo abaixo da gola aplicação com trançado, percorrendo verticalmente toda a abertura frontal; Até a altura da cintura a aplicação é acompanhada por 4 pares de botões forrado em cetim por fitas transpassadas. A partir da cintura a aplicação desce apenas na borda frontal e bainha, percorrendo toda a borda do casaco. Mangas longas e justas, bufante na altura do ombro. Punho acompanha horizontalmente com a mesma aplicação trançada.
Saia longa com costura aparente formando linha vertical, uma em cada lado da saia. Cós reto e liso. Barrado em duas faixas com o mesmo padrão decorativo. Cauda.",Lã | Veludo,12 Objetos Pessoais > 12.8 Peça de Indumentária,1890,França > Paris,,museucasadahera_-_indumentaria,https://museucasadahera.acervos.museus.gov.br/wp-json/tainacan/v2/collection/42232/items/?perpage=96&order=ASC&orderby=date&exposer=csv&mapper=inbcm-ibram&paged=,42232
9,T 1154,Saia,,Não identificado,"Saia em linho creme. Modelo godê; Bordado em vazados em forma de gotas e ramo curvo; Ao centro da saia, faixa vertical em filó bordada com linhas de seda na cor gelo, esse mesmo padrão se repete em outra faixa horizontal; Barra ainda com dói babados lisos justapostos; Abotoamento no cós, ás costas por 8 mosquetes.",Filó | Linho,12 Objetos Pessoais > 12.8 Peça de Indumentária,Não identificado,Não identificado,,museucasadahera_-_indumentaria,https://museucasadahera.acervos.museus.gov.br/wp-json/tainacan/v2/collection/42232/items/?perpage=96&order=ASC&orderby=date&exposer=csv&mapper=inbcm-ibram&paged=,42232
10,T 1129,Vestido,,Não identificado,"Costume em seda creme com poá preto e frufru em tule preto, composto de casaco e saia; Casaco justo ao corpo, abertura frontal abotoado por 18 colchetes. Lapela pontiaguda, bordada com tule preto, arrematando com três flores em mesmo material que descem pela lateral dos colchetes. Saindo da gola tecido em gaze e tule preto na borda, com um tom que parece ser próximo ao verde claro, este tecido desce pela lateral direita e se coloca por dentro do colete. Faixa de tecido na cintura que abotoa a direita com 3 colchetes. Internamente 12 barbatanas na linha da cintura. Cadarço ocre de pontas de metal para amarrar em 9 ilhoses o espartilho. Mangas justas, compridas, pregueadas horizontalmente. Punhos justos com aplicação horizontal de gaze claro e tule preto;
Saia com laterais em godê; Três camadas de babados em tule preto franzido, nas laterais e nas costas. Em cada lateral, iniciando os babados 3 laços de fita de cetim preto colocados verticalmente. Abertura nas costas abotoada por 2 colchetes e 3 mosquetes. Cauda.",Gaze | Seda | Tule,12 Objetos Pessoais > 12.8 Peça de Indumentária,Não identificado,Não identificado,,museucasadahera_-_indumentaria,https://museucasadahera.acervos.museus.gov.br/wp-json/tainacan/v2/collection/42232/items/?perpage=96&order=ASC&orderby=date&exposer=csv&mapper=inbcm-ibram&paged=,42232
11,T 1132,Vestido,,Não identificado,"Vestido em tafetá de lã na cor café com leite claro, estampa com finas linhas perpendiculares e desenhos geométricos distribuído espaçadamente pela peça, tudo em tom lilás; Parte superior com abertura frontal abotoado por 9 colchetes. Marcado logo abaixo do busto. Mangas justas e punhos com recorte horizontal com debrum de seda em lilás mais escuro. Costas muito franzidas. Gola simples redonda, baixa e com recorte de debrum em lilás; Saia saindo a partir de faixa abaixo do busto fazendo uso de prega transpassada a direita e bolso embutido a esquerda. Costas franzidas. Barra com friso em debrum em seda lilás mais escuro, acompanhando o padrão dos punhos.",Debrum em Seda | Tafetá de Seda,12 Objetos Pessoais > 12.8 Peça de Indumentária,Não identificado,Não identificado,,museucasadahera_-_indumentaria,https://museucasadahera.acervos.museus.gov.br/wp-json/tainacan/v2/collection/42232/items/?perpage=96&order=ASC&orderby=date&exposer=csv&mapper=inbcm-ibram&paged=,42232
12,T 1128,Vestido,,Não identificado,"Vestido em Veludo amarelo; Decote alto com abertura frontal fechada por colchetes. Mangas longas, bufante; Punhos com barrado em cetim amarelo; Saia longa e volumosa; Abertura frontal; O veludo forma espécie de capa, tendo por baixo tecido em cetim amarelo, pegando a extensão do peito e saia. Estampa em motivos florais em tom marrom; Longa cauda; Forro do veludo em cetim amarelo; Bordado de renda na parte interna da cauda em motivos florais.",Cetim | Miçanga | Renda | Veludo,12 Objetos Pessoais > 12.8 Peça de Indumentária,Não identificado,Não identificado,,museucasadahera_-_indumentaria,https://museucasadahera.acervos.museus.gov.br/wp-json/tainacan/v2/collection/42232/items/?perpage=96&order=ASC&orderby=date&exposer=csv&mapper=inbcm-ibram&paged=,42232
13,T 1124,Vestido,,Não identificado,"Conjunto de Casaco e Saia, ambos em Tafetá de seda; Casaco em tom de verde oliva, bordado com miçangas pretas e verdes feitas em vidro. Manha comprida, bufante, em gaze. Punhos mais justos. Gola alta, também bordada. Costas em corte com 6 aberturas na barra; Saia verde oliva. Cós liso. Fecho nas costas. Forro em seda. Estampa com motivos florais, mostrando folhas de café, ramagens e listras verticais espaçadas igualmente pela peça.",Gaze | Miçanga | Tafetá de Seda,12 Objetos Pessoais > 12.8 Peça de Indumentária,Não identificado,Não identificado,,museucasadahera_-_indumentaria,https://museucasadahera.acervos.museus.gov.br/wp-json/tainacan/v2/collection/42232/items/?perpage=96&order=ASC&orderby=date&exposer=csv&mapper=inbcm-ibram&paged=,42232
14,T 1122,Vestido,,Charles Worth,"Vestido azul claro; Corpete com aplicação de renda e sobre-saia em renda; Decote tomara-que-caia em cetim azul, com 9 barbatanas e fita de gorgorão abotoado por 1 colchete. Abotoamento do vestido nas costas, por 8 colchetes. Por cima do corpete blusa em museline azul claro formando decote redondo e mangas curtas. Pelo lado direito, partindo das costas para frente, aplicação em renda bege formando fru-fru e caindo até a linha de cintura; Saia longa em evasê. Forro em cetim azul claro. Cauda; Sobre-saia em organza de cor clara. Cós liso. Aplicações de stras em toda a extensão e aplicações de renda nas extremidades. Corte arredondado. Abotoamento frontal por 1 colchete.",Cetim | Organza | Renda,12 Objetos Pessoais > 12.8 Peça de Indumentária,Não identificado,França > Paris,,museucasadahera_-_indumentaria,https://museucasadahera.acervos.museus.gov.br/wp-json/tainacan/v2/collection/42232/items/?perpage=96&order=ASC&orderby=date&exposer=csv&mapper=inbcm-ibram&paged=,42232
15,T 884,Saia,,Não identificado,"Saia ampla em cetim creme; Barra bordada com fios metálicos formando motivos florais. Finalizados por 2 camadas de pregas plissadas; Cós reto e liso; Abotoamento as costas por 2 colchetes; Bolso embutido simples a esquerda; Nas costas fita de gorgorão creme, provavelmente para dar laço.",Cetim | Fios Metálicos | Gorgorão,12 Objetos Pessoais > 12.8 Peça de Indumentária,Não identificado,França > Paris,,museucasadahera_-_indumentaria,https://museucasadahera.acervos.museus.gov.br/wp-json/tainacan/v2/collection/42232/items/?perpage=96&order=ASC&orderby=date&exposer=csv&mapper=inbcm-ibram&paged=,42232
16,T 1121,Saia,,Não identificado,"Saia longa em seda pura bege, estampada com motivos florais multicoloridos; Cós reto; Abotoamento nas costas por 2 colchetes e 2 mosquetes com a inscrição “ Nicholls” em metal; Bolso interno a direita; Forro em seda em babado picotado no barrado. Cauda.",Metal | Seda,12 Objetos Pessoais > 12.8 Peça de Indumentária,Não identificado,Não identificado,,museucasadahera_-_indumentaria,https://museucasadahera.acervos.museus.gov.br/wp-json/tainacan/v2/collection/42232/items/?perpage=96&order=ASC&orderby=date&exposer=csv&mapper=inbcm-ibram&paged=,42232
17,T 1130,Vestido,,Charles Worth,"Vestido de baile em veludo preto; Busto decotado, com drapeados em forma de grande laço, com amplo decote em “V”; Mangas curtas, drapeada; Saia em corte evasê. Cauda.",Veludo,12 Objetos Pessoais > 12.8 Peça de Indumentária,Não identificado,França > Paris,,museucasadahera_-_indumentaria,https://museucasadahera.acervos.museus.gov.br/wp-json/tainacan/v2/collection/42232/items/?perpage=96&order=ASC&orderby=date&exposer=csv&mapper=inbcm-ibram&paged=,42232
18,T 1131,Vestido,,Não identificado,"Vestido em seda preta com estampas florais em lilás, roxo e amarelo; Decote alto, gola redonda. Abertura frontal com abas laterais que se unem em fru-fru. Forro em algodão branco, com abotoamento frontal de 9 colchetes. Mangas comprida, justas. Ombros drapeados e logo abaixo fru-fru descendo até o punho. Volta em fru-fru no meio da manga e outra junto ao punho. Acinturado com cós liso, largo e reto. Abotoamento frontal da saia por 2 colchetes. Transpassado na lateral direita. Prega macho, duplas. Barra reta e lisa com viés verde muito escuro. Sem forro.",Algodão | Seda,12 Objetos Pessoais > 12.8 Peça de Indumentária,Não identificado,Não identificado,,museucasadahera_-_indumentaria,https://museucasadahera.acervos.museus.gov.br/wp-json/tainacan/v2/collection/42232/items/?perpage=96&order=ASC&orderby=date&exposer=csv&mapper=inbcm-ibram&paged=,42232
19,T 1117,Costume,,Não identificado,"Costume em Tafetá marrom e aplicações em pedraria; Casaco com gola alta. Abertura frontal fechado por colchetes; Todo o corpo na parte da frente e das costas é de cetim creme escuro, recoberto com aplicações de pedraria prata e transparente. As laterais do corpete são em tafetá marrom com recortes no tecido formando folhas de café e contornado de bordado preto. Mangas ¾ composta por uma primeira camada em tafetá marrom, bufante, com recortes de folhas de café, segunda camada segue o mesmo padrão decorativo do corpo do casaco;
Saia com cós liso e reto. Pregas. Pequena calda. Toda a saia é em tafetá marrom com recortes em folha de café, seguindo o mesmo padrão das laterais do colete. Forro café, plissado;
Anquinha presa ao cós. Pequena almofada revestida de seda e presa por faixa de seda creme, formando 3 pregas.",Cetim | Pedras | Strass | Tafetá,12 Objetos Pessoais > 12.8 Peça de Indumentária,Não identificado,Não identificado,,museucasadahera_-_indumentaria,https://museucasadahera.acervos.museus.gov.br/wp-json/tainacan/v2/collection/42232/items/?perpage=96&order=ASC&orderby=date&exposer=csv&mapper=inbcm-ibram&paged=,42232
20,T 1135,Costume,,Não identificado,"Costume em seda com listras em preto e cor de vinho; Casaco justo ao corpo. Decote alto. Gola redonda e simples. Abotoamento frontal por 7 botões forrado com mesmo tecido do casaco, e mais um colchete; Faixa interna na cintura abotoada por 2 colchetes. Forro em algodão branco. Costas com grande corte com barbatanas, aberta ma parte inferior. Mangas longas com pregas na cava, justa na base. Punhos com 2 frisos do mesmo tecido e babado plissado voltado pra cima; 
Saia longa, cós liso e reto. Pregas. Bolso embutido a esquerda. Abotoamento a direita por 2 colchetes. Barra forrada com entretela marrom.",Seda,12 Objetos Pessoais > 12.8 Peça de Indumentária,Não identificado,Não identificado,,museucasadahera_-_indumentaria,https://museucasadahera.acervos.museus.gov.br/wp-json/tainacan/v2/collection/42232/items/?perpage=96&order=ASC&orderby=date&exposer=csv&mapper=inbcm-ibram&paged=,42232
21,T 1153,Saia,,Rouff,"Saia até os pés, em seda bege e aplicações em renda; Pintura decorativa feita a mão com temática floral, sendo intercaladas com faixas horizontais com renda; Barra com babado em renda; Forro de cetim creme; Cauda.",Renda | Seda,12 Objetos Pessoais > 12.8 Peça de Indumentária,1880,França > Paris,,museucasadahera_-_indumentaria,https://museucasadahera.acervos.museus.gov.br/wp-json/tainacan/v2/collection/42232/items/?perpage=96&order=ASC&orderby=date&exposer=csv&mapper=inbcm-ibram&paged=,42232
22,T 1127,Costume,,A. Felix Breveté,"Costume de crepe de seda em verde e goiaba; Blusa com decote alto. Gola tipo colarinho, abotoada a frente por dois colchetes; Pala bordado na gola, linha das covas (frente e costas) com aplicações de fios metálicos, pedraria azul turquesa, fita e veludo rosa. Corpo em crepe de seda frete muito franzido. Barra em crepe goiaba, terminando em for do mesmo tecido a direita na linha da cintura. Babado em crepe de seda verde saindo da gola e descendo até a altura da cintura. Mangas longas, bufante, com duplo panejamento – internamente, em cetim goiaba, e outra, caindo por cima, em crepe verde. Internamente espartilho em seda verde com 11 barbatanas, fechado por fita de seda ocre com pontas em metal, transado em 12 casas.
Saia com cós fino e reto. Pregas na frente e muito franzido nas costas; Abertura a direita formando superposição transpassada. À esquerda bolso embutido no forro. Barrado com tecido recortado formando fru-fru floral, dando volume à peça. Forro em seda com babado plissado. Cauda.",Cetim | Crepe de Seda | Fios Metálicos | Pedraria | Veludo,12 Objetos Pessoais > 12.8 Peça de Indumentária,Não identificado,França > Paris,,museucasadahera_-_indumentaria,https://museucasadahera.acervos.museus.gov.br/wp-json/tainacan/v2/collection/42232/items/?perpage=96&order=ASC&orderby=date&exposer=csv&mapper=inbcm-ibram&paged=,42232
23,T 1134,Vestido,,Não identificado,"Vestido em museline rosa e renda bege; Vestido tomara-que-caia com decote em coração; Forro em cetim; Abotoamento nas costas por 5 colchetes; Saia com pregas a baixo do peito e leve franzido no barrado; Toda a saia do vestido é recoberto por renda bege transparente, com motivos florais, formando longa calda em bico; Costas com fita em cetim rosa, saindo da altura da cintura na parte central, com 3 grandes laços ao longo dessa fita. Na lateral direita, fita em organza rosa levemente franzido descendo até o fim da calda; Na parte superior, casaco em renda bege transparente com motivos florais recobre o busto do vestido, deixando curta alça; Parte de trás do casado fecha por fita em laço de cetim e pequena calda em organza rosa, isso dá uma unidade visual com a fita e laços da calda.",Cetim | Museline | Organza | Tule,12 Objetos Pessoais > 12.8 Peça de Indumentária,Não identificado,Não identificado,,museucasadahera_-_indumentaria,https://museucasadahera.acervos.museus.gov.br/wp-json/tainacan/v2/collection/42232/items/?perpage=96&order=ASC&orderby=date&exposer=csv&mapper=inbcm-ibram&paged=,42232
24,T 1119,Costume,,Não identificado,"Costume em seda azul turquesa e finas listras verticais em azul marinho. Aplicações de renda preta e miçangas; Casaco justo ao corpo. Decote alto, redondo, marcas a baixo do peito de barbatanas em ambos os lados. Abotoamento frontal com 12 colchetes, sob pala decorativa com seis botões forrados em tecido, circulo de metal dourado e ao centro madrepérola. Forro creme. Cós em duplo viés azul escuro. Costas em grandes cortes e barbatana central. Mangas longas, justa nos punhos e arrematada com aplicações em voltas de miçangas brancas e renda preta, a mesma aplicação de miçanga se repete no ombro, junto a cava. 
Cinto em mesmo tecido da roupa, adornado em toda sua volta com aplicações em volta de miçangas brancas. Botão igual ao do casaco. Abotoamento por 2 colchetes.
Saia com duas pregas frontais e costas franzidas. Cós reto e liso. A saia segue o mesmo padrão decorativo com miçangas e renda preta.
Sobre-Saia com cós reto. 3 Panos cortados em bico e drapeados na junção entre eles. Contornados pelo mesmo padrão decorativo.",Botões em Madrepérola | Miçanga | Renda | Seda,12 Objetos Pessoais > 12.8 Peça de Indumentária,Não identificado,Não identificado,,museucasadahera_-_indumentaria,https://museucasadahera.acervos.museus.gov.br/wp-json/tainacan/v2/collection/42232/items/?perpage=96&order=ASC&orderby=date&exposer=csv&mapper=inbcm-ibram&paged=,42232
25,T 1123,Costume,,Não identificado,"Costume em seda lilás; Casaco justo ao corpo, decote alto. Gola redonda, simples. Abertura frontal com abotoamento em 7 botões e 1 colchetes; Pences duplas com barbatanas nas laterais; Acinturado, formando logo abaixo espécie de franzido; Mangas longas e justas na base; Punhos com 2 frisos do mesmo tecido e contornados por viés lilás mais escuro, este mesmo detalhe decorativo se repete no ombro, próximo a cava. Forro de algodão branco e faixa na linha da cintura abotoada por 2 colchetes
Saia longa. Cós reto e liso. Bolso embutido a esquerda; Abotoamento nas costas por 2 colchetes. Forro em algodão. Cauda.",Seda,12 Objetos Pessoais > 12.8 Peça de Indumentária,Não identificado,Não identificado,,museucasadahera_-_indumentaria,https://museucasadahera.acervos.museus.gov.br/wp-json/tainacan/v2/collection/42232/items/?perpage=96&order=ASC&orderby=date&exposer=csv&mapper=inbcm-ibram&paged=,42232
26,T 1136,Costume,,Não identificado,"Costume em tafetá preto recoberto por tule transparente em marrom estampada com linhas geométricas em zigue-zague e motivos florais nas cores verde, amarelo e bege; Casaco com gola alta e lisa, transpassada com abotoamento na nuca por colchete. Jabô que desce até a altura da cintura. Parte frontal do casado com abas laterais, dando idéia de que é um colete por baixo casado, abotoando por 14 colchetes – desde a gola, passando pelo jabô, até o final. Penses nas costas. Nas costas, preso a gola e levemente franzido, triângulo em filo preto e aplicações de flores, arrematado em ponta, preso por um ponto na base das costas. Mangas longas e bufante, pregas no ombro dando volume, ajustando no comprimento. Punho em filó preto floral, abotoado por 3 botões forrados em linha de seda marrom. Internamente 13 barbatanas no corpete; 
Saia com cós reto e liso. 3 grandes pregas frontais. Abotoamento nas costas. Forro em cetim preto com babado plissado. 1 bolso simples no forro.",Cetim | Tafetá | Tule,12 Objetos Pessoais > 12.8 Peça de Indumentária,Não identificado,Não identificado,,museucasadahera_-_indumentaria,https://museucasadahera.acervos.museus.gov.br/wp-json/tainacan/v2/collection/42232/items/?perpage=96&order=ASC&orderby=date&exposer=csv&mapper=inbcm-ibram&paged=,42232
27,S/N,Chale,,Não identificado,Chalé preto em tule e bordado com motivos geométricos e florais. O todo o bordado é com aplicação de pedras e lantejoulas em preto.,Lantejoulas | Tule,12 Objetos Pessoais > 12.8 Peça de Indumentária,Não identificado,Não identificado,,museucasadahera_-_indumentaria,https://museucasadahera.acervos.museus.gov.br/wp-json/tainacan/v2/collection/42232/items/?perpage=96&order=ASC&orderby=date&exposer=csv&mapper=inbcm-ibram&paged=,42232
28,S/N,Jogo de Lenços,,Não identificado,"Jogo com 7 lenços em formado triangular; Linho branco; Barrado em linho lilás com costura em  linha roxa; Ao centro do triângulo, bordado em alto relevo com flor e folhagem; Flores em tons variados de roxo e folhagem em verde; O bordado é em linha de algodão.",Linha de Algodão | Linho,12 Objetos Pessoais > 12.8 Peça de Indumentária,Não identificado,Não identificado,,museucasadahera_-_indumentaria,https://museucasadahera.acervos.museus.gov.br/wp-json/tainacan/v2/collection/42232/items/?perpage=96&order=ASC&orderby=date&exposer=csv&mapper=inbcm-ibram&paged=,42232
29,S/N,Carteira,,Não identificado,"Carteira pequena em linho rosa. A carteira dobra-se em 3 partes, a central, uma maior que faz a parte de baixo e uma dobradura menor que representa a parte de cima, todas elas dobradas formam a carteira; Bordas com cordão torcido em cor próximo ao dourado, tendo na parte mais baixa bordado em arame e tecido formando flores brancas e um pequeno botão encapado com mesmo tecido da peça. Na parte superior mesmo cordão torcido formando espécie de flor e que se estende para a parte inferior encaixando no botão e assim fechando a carteira; Na parte de trás da carteira mesmo padrão de bordado floral; Internamente revestida em cetim rosa e sem divisões.",Arame | Cetim | Cordão Torcido | Linho,12 Objetos Pessoais > 12.8 Peça de Indumentária,Não identificado,Não identificado,,museucasadahera_-_indumentaria,https://museucasadahera.acervos.museus.gov.br/wp-json/tainacan/v2/collection/42232/items/?perpage=96&order=ASC&orderby=date&exposer=csv&mapper=inbcm-ibram&paged=,42232
30,S/N,Botão,,Não identificado,6 botões redondos recobertos por lantejoulas prata; Os botões são costurados a uma base.,Lantejoulas,12 Objetos Pessoais > 12.1 Acessório de Indumentária,Não identificado,Não identificado,,museucasadahera_-_indumentaria,https://museucasadahera.acervos.museus.gov.br/wp-json/tainacan/v2/collection/42232/items/?perpage=96&order=ASC&orderby=date&exposer=csv&mapper=inbcm-ibram&paged=,42232
31,T 1173,Sombrinha,,Não identificado,"Sombrinha com cabo em madeira, longo, terminação em bola de madeira com estrias curvas feitas em fios metálicos dourado; Ponteira longa, também em madeira. Unindo o tecido a ponteira, terminação metálica também dourada; Armação em metal dourado; Revestimento externo em filó e organza bordada, formando guirlandas de flores. Na borda aplicações de organza e renda; Forro em seda creme com borda em fru-fru em organza.",Filó | Madeira | Metal | Organza | Renda | Seda,12 Objetos Pessoais > 12.6 Objeto de Auxílio/Conforto Pessoais,Não identificado,Não identificado,,museucasadahera_-_indumentaria,https://museucasadahera.acervos.museus.gov.br/wp-json/tainacan/v2/collection/42232/items/?perpage=96&order=ASC&orderby=date&exposer=csv&mapper=inbcm-ibram&paged=,42232
32,T 1147,Casaco,,Rouff,"Casaco curto em veludo vinho, bordado com aplicações de miçanga, renda e seda; Gola em duas partes, primeira a partir dos ombros, redonda e com renda bordada em motivos florais, sobreposta ao veludo, formando laçarote. Segunda parte com lapela em veludo circulando a renda, alta. A partir da gola desce longo jabô, com mesma renda, formando espécie de colete; Prendendo esse jabô ao corpo, faixa na altura da cintura em seda preta circulando todo o corpo; Abertura frontal arrematado em bico acentuado; Saindo do jabô e cobrindo a lateral do casaco e circulando a gola mais externa, faixa de mesma renda; Baixo dessa renda, toda a lateral do casaco é bordada com miçangas pretas, formando desenho geométrico; Faixa vertical na lateral do corpo do casaco em seda preta; Mangas longas, levemente bufante próximo ao ombro e justas nos braços; Punho com abertura vertical lateral, fechando por 4 botões revestido de mesmo veludo, presos por alças; Forro em cetim vermelho com barbatanas internas; Costas com mesma faixa vertical em cetim preta; Totalmente bordado; Costas terminado em bico ao centro, dividido em duas partes, sendo a parte central recortada; Pequena franja em vidrilhos ma parte central das costas e na parte central da frente.",Miçanga | Renda | Seda | Veludo,12 Objetos Pessoais > 12.8 Peça de Indumentária,1885,França > Paris,,museucasadahera_-_indumentaria,https://museucasadahera.acervos.museus.gov.br/wp-json/tainacan/v2/collection/42232/items/?perpage=96&order=ASC&orderby=date&exposer=csv&mapper=inbcm-ibram&paged=,42232
33,T 883,Sapatilha,,P.A. Guilherme,"Sapatilha em veludo marrom e preto tamanho 33; Solado liso em couro. Marca de carimbo do fabricante; Peito do pé em formado de aba; Toda a extensão do calçado é bordada em temática floral. Flores em aplicação de tecido vermelho, miolo e recorte das flores em miçanga de vidro. Galhos em fio metalizado; Borda interna de todo o sapato em cetim preto; Interior revestido em tecido.",Couro | Feltro | Fios Metálicos | Miçanga | Seda | Veludo,12 Objetos Pessoais > 12.8 Peça de Indumentária,Não identificado,França > Paris,,museucasadahera_-_indumentaria,https://museucasadahera.acervos.museus.gov.br/wp-json/tainacan/v2/collection/42232/items/?perpage=96&order=ASC&orderby=date&exposer=csv&mapper=inbcm-ibram&paged=,42232
34,T 1159,Sapato em pelica branco,,Não identificado,"Sapato em pelica branca; Tamanho 33; Solado em couro; Salto médio, base quadrada afinando no meio, modelo tipo carretel; Calcanhar alto em ponta; Bico fino; Peito do pé aberto com fitas em cetim perolado trançadas em forma de “x”, com 5 furos laterais para encaixe das fitas, com borda em metal. Grande pedaço de fita para amarração provavelmente trançada no tornozelo; Toda borda da abertura do sapato e calcanhar tem costura marcada aparente.",Cetim | Metal | Pelica,12 Objetos Pessoais > 12.8 Peça de Indumentária,Não identificado,França,,museucasadahera_-_indumentaria,https://museucasadahera.acervos.museus.gov.br/wp-json/tainacan/v2/collection/42232/items/?perpage=96&order=ASC&orderby=date&exposer=csv&mapper=inbcm-ibram&paged=,42232
35,T 1150,Casaco,,Charles Worth,"Casaco modelo saída de teatro em lã salmão. Forma em T. Comprida até os joelhos. Decote alto, com leve formado em “V”. Gola decorada com fios metálicos em forma geométrica, por cima filó bordado com linha branca formando motivos florais. Abertura frontal, pala decorativa seguindo toda a lateral e abrindo em direção a barra com sustache de mesma cor formando desenhos geométricos. Mangas compridas, sem costura, mesmo padrão decorativo do corpo, com aplicação de 3 grandes botões forrados de tecido e sustache e galões de cetim goiaba. Punhos com faixa horizontal com padrão decorativo e cetim goiaba, arrematado por filó igual ao da gola. Abertura nas laterais do casaco. Todos dos arremates são em cetim goiaba. Forro em cetim, listrado em creme, cinza, verde e abóbora.",Cetim | Lã | Renda | Sustache,12 Objetos Pessoais > 12.8 Peça de Indumentária,Não identificado,França > Paris,,museucasadahera_-_indumentaria,https://museucasadahera.acervos.museus.gov.br/wp-json/tainacan/v2/collection/42232/items/?perpage=96&order=ASC&orderby=date&exposer=csv&mapper=inbcm-ibram&paged=,42232
36,T 1158,Sapato,,Não identificado,"Sapato em cetim vermelho, bordado com desenhos florais, em fios metálicos dourados e lantejoulas; Aberto na parte posterior, e fechado na frente, sendo esta parte bordada com fios metálicos torcidos; Alcochoado no peito e na palmilha; Salto médio; Sola e salto com friso preto; Solado em couro; Bico fino; Tamanho 33.",Cetim | Couro | Fios Metálicos | Miçanga,12 Objetos Pessoais > 12.8 Peça de Indumentária,Não identificado,Não identificado,,museucasadahera_-_indumentaria,https://museucasadahera.acervos.museus.gov.br/wp-json/tainacan/v2/collection/42232/items/?perpage=96&order=ASC&orderby=date&exposer=csv&mapper=inbcm-ibram&paged=,42232
37,T 1140,Casaco,,Charles Worth,"Casaco de montaria em veludo marrom escuro e detalhes em preto, aplicações de fios metálicos; Abertura frontal; Abotoamento por 9 colchetes; Toda a lateral da abertura é em galão preto bordado; Gola e punhos sobre veludo amarelo sobre fundo azul, recortados com aplicações de sustache prateado formando desenhos geométricos; Na gola pequeno jabô em renda creme, mesma aplicação é usada nos punhos; Costa com corte evasê na altura da cintura; Mangas compridas, justas ao corpo e em cor que parece ser preto, diferindo do corpo do casaco que é marrom escuro; Forro em cetim amarelo até a altura da cintura e de cetim preto até a barra – altura dos joelhos mais ou menos; Embutido no punho esquerdo, porta-perfume. Pequeno envelope branco em cambraia de seda com pontas bordadas em branco. Quadrado de camurça ocre no interior.",Cambraia | Cetim | Fios Metálicos | Renda | Veludo,12 Objetos Pessoais > 12.8 Peça de Indumentária,1880,França > Paris,,museucasadahera_-_indumentaria,https://museucasadahera.acervos.museus.gov.br/wp-json/tainacan/v2/collection/42232/items/?perpage=96&order=ASC&orderby=date&exposer=csv&mapper=inbcm-ibram&paged=,42232
38,T 1142,Casaco,,Charles Worth,"Casaco em veludo preto, aplicações de filó branco com motivos florias em toda a gola, parte frontal e mangas; Gola redonda, simples; Abertura frontal; Frente longa, se estendendo até o joelho, enquanto a parte de trás e bem curta, terminando na linha de cintura; Mangas longas, em forma de sino; Em cada lateral, entre mangas e corpo, 5 botões de enfeite decorados com pedrarias e miçangas preta; Forro em seda creme.",Filó | Miçanga | Pedraria | Seda | Veludo,12 Objetos Pessoais > 12.8 Peça de Indumentária,Não identificado,França > Paris,,museucasadahera_-_indumentaria,https://museucasadahera.acervos.museus.gov.br/wp-json/tainacan/v2/collection/42232/items/?perpage=96&order=ASC&orderby=date&exposer=csv&mapper=inbcm-ibram&paged=,42232
39,T 1160,Sapato,,Não identificado,"Sapato Fechado, com tira dourada em lamê franzido preso as laterais passando por cima do alto do pé; Corte do peito do pé, em veludo vermelho, se prolonga até o salto. Toda a extensão é bordada com fios metálicos em dourado e miçangas cor de perola, formando motivos florais; Barrado na borda em lamê dourado franzido; Calcanhar alto, forrado em lamê dourado liso; Salto forrado em veludo vermelho, com costura aparente creme. Altura media. Tamanho 33. Solado em couro",Couro | Fios Metálicos | Lamê | Miçanga | Veludo,12 Objetos Pessoais > 12.8 Peça de Indumentária,Não identificado,Não identificado,,museucasadahera_-_indumentaria,https://museucasadahera.acervos.museus.gov.br/wp-json/tainacan/v2/collection/42232/items/?perpage=96&order=ASC&orderby=date&exposer=csv&mapper=inbcm-ibram&paged=,42232
40,T 1152,Casaco,,Não identificado,"Casaco curto em veludo e aplicações de strass, renda, filó e miçangas; Abertura frontal com nove botões forrados em cetim formando espécie de colete por baixo do casaco; Gola redonda, alta, com Jabor em filó preto bordado com flores estilizadas com canutilhos, por baixo do filó, seda creme. Desce por baixo do colete até o fim do casaco, tendo franjas em linha marrom e canutilhos pretos; Na lateral da abertura do casaco, pala bordada em canutilhos pretos e fios em marrom muito escuro; Mesmo padrão decorativo no barrado do casaco, formando desenhos geométricos e franja com canutilhos na ponta; Bolsos laterais com barrado em franja de canutilhos; Mangas compridas em filó preto bordado com flores estilizadas com canutilhos; Punhos em renda marrom, com dois laços pretos; Costas formando um triângulo bordado com franjas e canutilhos.",Filó | Miçanga | Renda | Seda | Veludo,12 Objetos Pessoais > 12.8 Peça de Indumentária,Não identificado,França > Paris,,museucasadahera_-_indumentaria,https://museucasadahera.acervos.museus.gov.br/wp-json/tainacan/v2/collection/42232/items/?perpage=96&order=ASC&orderby=date&exposer=csv&mapper=inbcm-ibram&paged=,42232
41,T 1144,Casaco,,Não identificado,"Casaco curto trabalhado em seda, renda e veludo, nas tonalidades: preto e creme; Abertura frontal com faixa em veludo preto, comprido para dar laço na gola, faixa contorna também a gola também; Gola redonda, fechada e pequena; Todo o corpo e mangas do casaco tem forro em seda creme, sobreposto a isso renda creme, recortada e bordada com motivos florais e geométricos; Intercalando a renda do corpo, faixas verticais em renda preta, com mesmo motivos decorativos; Mangas longas e bem largas, terminando com faixa preta em veludo formando laço; Todo o barrado do casaco é em faixa de veludo preto de onde saem franjas na tonalidade creme, a franja é trabalhada em macramê  e contas em  madeira recoberta pelo mesmo tecido da franja.",Madeira | Renda | Seda | Veludo,12 Objetos Pessoais > 12.8 Peça de Indumentária,Não identificado,Não identificado,,museucasadahera_-_indumentaria,https://museucasadahera.acervos.museus.gov.br/wp-json/tainacan/v2/collection/42232/items/?perpage=96&order=ASC&orderby=date&exposer=csv&mapper=inbcm-ibram&paged=,42232
42,T 1126,Casaco,,Não identificado,"Casaco justo ao corpo; Estampa floral multicolorida, tendo como cores principais amarelo, vermelho, azul e vinho; Abertura frontal abotoando até a altura dos quadris por 10 grandes colchetes; Gola alta, reta e justa, fechada por 2 colchetes; Costas com grande macho a partir dos quadris; Manga levemente bufante em fustão verde oliva, lisa. Punhos em friso de lá creme, liso.",Fustão | Lã,12 Objetos Pessoais > 12.8 Peça de Indumentária,Não identificado,Não identificado,,museucasadahera_-_indumentaria,https://museucasadahera.acervos.museus.gov.br/wp-json/tainacan/v2/collection/42232/items/?perpage=96&order=ASC&orderby=date&exposer=csv&mapper=inbcm-ibram&paged=,42232
43,T 1145,Fragmento de Tecido,,Não identificado,"Fragmentos de uma peça de indumentária, da qual não é mais possível identificar do que se tratava; Tecido comprido em tule preto; Pedaço de faixa bordado em fios prata, terminando em granja de tecido, aparentemente, prata; Preso ao tule, grande flor em tecido vermelho e folhagem verde.",Filó,12 Objetos Pessoais > 12.8 Peça de Indumentária,Não identificado,Não identificado,,museucasadahera_-_indumentaria,https://museucasadahera.acervos.museus.gov.br/wp-json/tainacan/v2/collection/42232/items/?perpage=96&order=ASC&orderby=date&exposer=csv&mapper=inbcm-ibram&paged=,42232
44,T 1156,Sapato,,Hellstern & Sons,"Sapato em pelica verde abacate; Bico quadrado; Peito do pé com “língua”; Fivela no alto do pé em forma quadrada de strass e suporte de metal; Costura aparente vindo das abas laterais até a fivela; Internamente, revestido de pelica branca; Salto médio, contornado com a costura; Salto e sola com borda em preto; Solado em couro; Tamanho 33.",Couro | Metal | Pelica | Strass,12 Objetos Pessoais > 12.8 Peça de Indumentária,Não identificado,França > Paris,,museucasadahera_-_indumentaria,https://museucasadahera.acervos.museus.gov.br/wp-json/tainacan/v2/collection/42232/items/?perpage=96&order=ASC&orderby=date&exposer=csv&mapper=inbcm-ibram&paged=,42232
45,T 1143,Casaco,,Não identificado,"Casaco em lã preta e aplicações de veludo preto; Abertura frontal com abotoamento de 14 colchetes, fita de veludo preto ladeando a abertura central e formando desenhos geométricos. Mangas compridas, com arremate de fitas de veludo no punho, seguindo o padrão decorativo. Punho com laterais abertas, babado em filó preto. Na linha de cintura, faixa horizontal, em veludo preto, contornando toda a peça, menos a faixa frontal. Gola alta, redonda, com viés branco e preto que contorna e forma pequena pala, nele aplicação de 4 chumaços de bolinhas de metal. Logo abaixo do viés da gola, aplicação de veludo preto formando uma sobre gola redonda, caindo sobre os ombros. Forro em cetim amarelo listrado.",Cetim | Lã | Metal | Veludo | Viés,12 Objetos Pessoais > 12.8 Peça de Indumentária,Não identificado,Não identificado,,museucasadahera_-_indumentaria,https://museucasadahera.acervos.museus.gov.br/wp-json/tainacan/v2/collection/42232/items/?perpage=96&order=ASC&orderby=date&exposer=csv&mapper=inbcm-ibram&paged=,42232
46,T 1165,Casaco,,Não identificado,"Casaco em cetim creme, estampado em veludo nos tons marrom, vinho, creme e verde, formando estampas florais; Abertura frontal; Corte godê; Gola fechada por abotoamento frontal de 6 colchetes arrematados por fru-fru em renda branca na gola e gaze verde água, com novo barrado em renda branca; Preso aos ombros e caindo até o meio das costas cobertura em capuz de cetim verde abacate, com renda nos ombros; Mangas ¾; Forro em cetim verde; Bolsos nas laterais.",Cetim | Gaze | Renda | Veludo,12 Objetos Pessoais > 12.8 Peça de Indumentária,Não identificado,Não identificado,,museucasadahera_-_indumentaria,https://museucasadahera.acervos.museus.gov.br/wp-json/tainacan/v2/collection/42232/items/?perpage=96&order=ASC&orderby=date&exposer=csv&mapper=inbcm-ibram&paged=,42232
47,T 1138,Hobby,,Charles Worth,"Hobby em filó preto e aplicações de renda e fita de veludo, tudo em bege; Gola alta, redonda. Abotoamento frontal por apenas um colchete. Gola, ombros e pala frontal, com forma triangular, com aplicações de veludo bege e por cima aplicações de renda recortada em forma de flores, tudo intercalado por fitas de filó preto; Mangas longas com aplicação de renda floral nos braços e punhos; Barra da saia com 3 camadas de renda preta aplicada sobre o tule.",Filó | Renda | Veludo,12 Objetos Pessoais > 12.8 Peça de Indumentária,Não identificado,França > Paris,,museucasadahera_-_indumentaria,https://museucasadahera.acervos.museus.gov.br/wp-json/tainacan/v2/collection/42232/items/?perpage=96&order=ASC&orderby=date&exposer=csv&mapper=inbcm-ibram&paged=,42232
48,T 1139,Peignoir,,Não identificado,"Peignoir em seda creme e renda; Capuz; Orla bordada com aplicação de flores em tecido colorido e renda, a renda esta também por cima do forro. Fita em cetim cor de goiaba recobre toda a borda da renda nas laterais da peça; Não possível identificar se a peça tem mangas ou não.",Cetim | Renda | Seda,12 Objetos Pessoais > 12.8 Peça de Indumentária,Não identificado,Não identificado,,museucasadahera_-_indumentaria,https://museucasadahera.acervos.museus.gov.br/wp-json/tainacan/v2/collection/42232/items/?perpage=96&order=ASC&orderby=date&exposer=csv&mapper=inbcm-ibram&paged=,42232
49,T 1157,Sapato,,Não identificado,"Sapato fechado em pelica preta; Toda a borda e revestida em gorgorão vinho, terminando em dois laçarotes na frente; Bico fino. Bordado em algodão formando desenhos florais coloridos; Salto médio; Tamanho 33; Solado de couro.",Algodão | Gorgorão | Pelica,12 Objetos Pessoais > 12.8 Peça de Indumentária,Não identificado,Não identificado,,museucasadahera_-_indumentaria,https://museucasadahera.acervos.museus.gov.br/wp-json/tainacan/v2/collection/42232/items/?perpage=96&order=ASC&orderby=date&exposer=csv&mapper=inbcm-ibram&paged=,42232
50,T 1148,Casaco,,Charles Worth,"Casaco curto em lã bege; Abertura frontal. Gola e lapela revestidas em seda creme um tom mais escuro que a lã. Corpo (gente e costas) e alto das mangas com aplicações de renda vazada, formando desenhos florais e geométricos. Mangas em godê muito acentuado.",Lã | Renda | Seda,12 Objetos Pessoais > 12.8 Peça de Indumentária,Não identificado,França > Paris,,museucasadahera_-_indumentaria,https://museucasadahera.acervos.museus.gov.br/wp-json/tainacan/v2/collection/42232/items/?perpage=96&order=ASC&orderby=date&exposer=csv&mapper=inbcm-ibram&paged=,42232
51,T 1146,Vestido,,Não identificado,"Vestido de baile em cetim de seda pura na cor creme; Pregas horizontais no busto com faixa de tule bordada em vidrilhos e miçangas em prata no decote e abaixo do peito, bem como nas mangas também; Manga curta em tule; Abotoamento nas costas por colchetes de metal; Capa em tule transparente presa no ombro esquerdo por botão de fios metálicos, todo o barrado segue o mesmo bordado em vidrilhos e miçangas; Saia em cauda; Barrado com decoração de ramos de flores feita por arame revestido em seda formando galhos. Folhagem em tecido de gorgorão. E “botões” de flores em fios metalizados.",Arame | Cetim | Fios Metálicos | Gorgorão | Miçanga | Tule | Vidrilhos,12 Objetos Pessoais > 12.8 Peça de Indumentária,Não identificado,Não identificado,,museucasadahera_-_indumentaria,https://museucasadahera.acervos.museus.gov.br/wp-json/tainacan/v2/collection/42232/items/?perpage=96&order=ASC&orderby=date&exposer=csv&mapper=inbcm-ibram&paged=,42232
52,T 1149,Casaco Curto,,Charles Worth,"Casaco curto em lã Marfim, aplicações de cetim dourado em toda a borda do casaco, logo a cima do cetim, aplicação de renda branca em desenho que lembra uma flor, tendo ao centro bordado em forma de flor e aplicação de renda guipure; O casaco tem o formato de uma chalé e ao ser colocado sobre o corpo faz uma dobradura para que cubra o peito deixando as extremidades inferiores com pontas bem salientes, estas apresentam um bordado em forma de triângulo de onde saem 5 franjas em linhas de seda creme, co tamanho médio; Esta mesma dobradura faz na parte das costas dois vincos dando um formado diferenciado a peça.",Cetim | Lã | Linha de Seda | Renda,12 Objetos Pessoais > 12.8 Peça de Indumentária,Não identificado,França > Paris,,museucasadahera_-_indumentaria,https://museucasadahera.acervos.museus.gov.br/wp-json/tainacan/v2/collection/42232/items/?perpage=96&order=ASC&orderby=date&exposer=csv&mapper=inbcm-ibram&paged=,42232
53,T 1141,Casaco,,Charles Worth,"Casaco curto em lã batida com creme; Abertura frontal; Corte da gola em ondas; Corpo com gola e mangas trabalhados com recortes geométricos no tecido e aplicações de renda; Nos ombros e pala da gola saem fitas com contas na ponta, as contas são revestidas de seda creme; Mangas longas, costuradas até o meio e abertas até o fim; Aberturas nas laterais do casaco; Forro em seda marfim adamascado com motivos geométricos; Costas com recorte na barra formando dois bicos.",Lã Batida | Seda,12 Objetos Pessoais > 12.8 Peça de Indumentária,1890,França > Paris,,museucasadahera_-_indumentaria,https://museucasadahera.acervos.museus.gov.br/wp-json/tainacan/v2/collection/42232/items/?perpage=96&order=ASC&orderby=date&exposer=csv&mapper=inbcm-ibram&paged=,42232
54,T 1161,Luva,,A. Raymond. RG,"Luvas em Jersey creme, ¾; Parte frontal da mão com 3 nervuras centrais; Parte interna do pulso com corte vazado com 2 colchetes de pressão em metal; Justa ao braço.",Jersey | Metal,12 Objetos Pessoais > 12.8 Peça de Indumentária,Não identificado,Não identificado,,museucasadahera_-_indumentaria,https://museucasadahera.acervos.museus.gov.br/wp-json/tainacan/v2/collection/42232/items/?perpage=96&order=ASC&orderby=date&exposer=csv&mapper=inbcm-ibram&paged=,42232
55,SN,Bolsa de Paetês,,,"Bolsa de mão estilo carteira; Toda recoberta por lantejoulas em prata de diferentes formatos e tamanhos; Abertura por meio de zíper; Internamente pequeno bolso, tecido cor bege escuro.",Lantejoulas | Metal | Tecido,12 Objetos Pessoais > 12.8 Peça de Indumentária,,,,museucasadahera_-_indumentaria,https://museucasadahera.acervos.museus.gov.br/wp-json/tainacan/v2/collection/42232/items/?perpage=96&order=ASC&orderby=date&exposer=csv&mapper=inbcm-ibram&paged=,42232
56,1164 | 1165 | 1166 | 1167 | 1168 | 4594,Farda Militar,,,"Espoleteira – T 1164: Caixa de metal revestida em couro. Tampa em couro com entremeio de papel jornal. Parte externa laqueada, emoldurada por metal dourado. Na parte central coroa imperial em metal dourado. Prendedor na parte inferior em correia. Nas laterais alças curtas em correias. 

Barretina de Oficial da Cavalaria – T 1165: Cobertura de Cabeça em couro preto com o alto da copa mais largo do que a base; topo da copa de couro cercado por virola de metal dourado; Pala frontal em couro preto com virola de metal dourado, jugular escamada de metal dourado, que pode ser presa acima da pala por um fecho circular. Na parte frontal da copa insígnia em metal dourado: brasão imperial com o numero 6 em metal no centro de um circulo de metal na cor preta;  tudo encimado por tope circular de metal preto sobre o qual uma estrela de 5 pontas em metal dourado e delimitado ao redor por gomos. No alto da copa, açucena de metal dourado para penacho. 

Cinto – T 1166: Peça em couro branco composta por: em uma extremidade fivela com medalhão em material metálico com cabeça de leão rodeada por ramo de folhagem e laço na no meio, parte inferior; na outra extremidade da fivela metal dourado em forma retangular vazada ao meio que se encaixa na no medalhão, ao redor ramo de folhagem de mesma cor e material; O cinto e composto por 3 tiras de couro, sendo as peças das pontas ligadas a peça central por meio de fivela   retangular vazado ao centro em material metálico na cor dourada. 

Boldrié – T 1167: Tira em couro branco para ser usada transversalmente no peito servindo para prender arma, espada ou porta documentos; Em cada uma das extremidades peças metálicas em dourado que se encaixam servindo como fivela para fechar a peça; Fivela metálica retangular em dourada transpassada na tira de couro de onde sai pino para ajuste de tamanho; Em alto relevo Insígnia em material metálico dourado, parte superior com um animal semelhante a um felino porem com grandes assas e rabo escamado. Ele segura com as patas de pássaro uma barra horizontal de onde sai brasão com a coroa do império logo abaixo escudo com as iniciais “P.II”, o escudo é rodeado por ramos de folhagens. 
Ainda há outra peça em tira de couro branco com fina fivela em metal dourado usada para ajuste e na ponta da tira com espécie de penduricalho em forma circular com pequenas tiras de couro presas na parte superior e inferior por tira trançada de mesmo material.

Porta Documentos – T 1168: Peça em couro preto com virola em metal dourado liso, na parte superior o metal é em alto relevo com desenhos recortados de formas geométricas; Ao centro da bolsa, encrustado em alto relevo, coroa imperial em dourado e vermelho e logo abaixo a inscrição “P.II”; Parte superior do porta documento com correia de couro branco presa a cada extremidade da bolsa por fivela em metal dourado e também na parte superior, unindo as duas tiras de couro. Parte do meio com pequena fivela em couro branco para manter fechada o porta documentos.

Dragonas – T4594: Dois pares de dragonas. Primeiro par – em material metálico dourado, parte retangular que fixa ao tecido com linhas horizontais em alto relevo e pequeno pino na parte central, parte final arredondada com bordas bem largas e altas, causando uma depressão na parte central do circulo. Segundo par – Material metálico dourado com frisos na horizontal, pequeno pino em metal dourado. Virola em tecido bordado com desenhos similares a folhagem e uma segunda virola também em tecido metalizado; Parte final arredondada com bordas largas e altas recobertas na borda interna e externa por  fio metálico com frisos, causando uma depressão na parte central. Virola em tecido metálico com frisos. Em uma das dragonas franja espessa em tecido metálico. Em ambos os pares o verso e revestido em veludo azul marinho.",Couro | Metal | Tecido,12 Objetos Pessoais > 12.8 Peça de Indumentária,,Desconhecida,,museucasadahera_-_indumentaria,https://museucasadahera.acervos.museus.gov.br/wp-json/tainacan/v2/collection/42232/items/?perpage=96&order=ASC&orderby=date&exposer=csv&mapper=inbcm-ibram&paged=,42232
57,SN,Bolsa de Contas,,,"Bolsa com alça dourada. Fundo em tecido branco com contas imitando conchas em tom amarelo/dourado presas a uma trama, formando uma tela e fios dourados.",Contas | Seda | Tecido,12 Objetos Pessoais > 12.8 Peça de Indumentária,,,,museucasadahera_-_indumentaria,https://museucasadahera.acervos.museus.gov.br/wp-json/tainacan/v2/collection/42232/items/?perpage=96&order=ASC&orderby=date&exposer=csv&mapper=inbcm-ibram&paged=,42232
58,,Fiador,,,"Corda revestida em linha dourada; Pontas unidas por medalhão com flor de liz ao centro, contornada de frisos e 2 anéis na parte superior. Parte inferior com pendentes envolto em linha e com franja em metal dourado.",Corda | Linha | Metal,08 Insígnias,,Brasil,,museucasadahera_-_indumentaria,https://museucasadahera.acervos.museus.gov.br/wp-json/tainacan/v2/collection/42232/items/?perpage=96&order=ASC&orderby=date&exposer=csv&mapper=inbcm-ibram&paged=,42232
59,T 1176 | T 1176.1 | T 1176.2,Caixa de Leque e 2 leques,,Ernest Kees,"1176 - Caixa de leque: em papelão, retangular e estreita; Composta por duas peças que se encaixam – caixa e tampa; Externamente parece ser papel recobrindo a caixa. A coloração imitada madeira avermelhada, recortes em listras horizontais nas duas laterais e uma central em tom marrom, mais 3 recortes verticais seguindo o mesmo padrão decorativo. Os retângulos que surgem desses padrões decorativos têm ao centro pequenas peças em metal com forma elíptica com dois círculos em cada extremidade e uma no centro. Cada intercessão entre as faixas vertical e horizontal tem pequena flor também em material metálico; Internamente ambas as partes são brancas, aparentemente com colagem de tecido rendado recobrindo o interior da caixa; Na tampa, na parte central, selo com recorte e letras em dourado trazendo informações sobre o fabricante. 

1176.1 – Leque com armação em madeira. Varetas mestre com decoração em tons de dourado e azul com formas geométricas; Folha de papel com decoração em tema campestre, mostrando um casal em diferentes situações a beira e um lago. Há também outros elementos decorativos como tecidos em forma de laços, flora e fauna; O fundo é em tom bege e as cores predominantes são azul, verde e vermelho. Pequenos pontos de apliques brilhantes. Arrematando o leque corda dourada presa as varetas, terminando em um nó com franja.

1176.2 – Leque com armação em madrepérola. Varetas mestre com decoração rendilhada, figuras florais em tons de dourado e marrom sobreposto ao marfim; Folha em papel com estampa com motivo campestre, mostrando cena de homem, duas mulheres e uma criança, todos sentados em um jardim cercados de flores e vegetação.",Madeira | Marfim | Papel | Papelão,12 Objetos Pessoais > 12.6 Objeto de Auxílio/Conforto Pessoais,,França > Paris,,museucasadahera_-_indumentaria,https://museucasadahera.acervos.museus.gov.br/wp-json/tainacan/v2/collection/42232/items/?perpage=96&order=ASC&orderby=date&exposer=csv&mapper=inbcm-ibram&paged=,42232
60,T 1178,Guarda Chuva,,,"Guarda chuva tipo bengala; Cabo longo com curva na ponta, todo em bambu; Arremate e ponteira em metal dourado; 8 barbatanas em metal pintadas de preto; Revestimento de seda verde e roxo claro.",Bambu | Metal | Seda,12 Objetos Pessoais > 12.6 Objeto de Auxílio/Conforto Pessoais,,,,museucasadahera_-_indumentaria,https://museucasadahera.acervos.museus.gov.br/wp-json/tainacan/v2/collection/42232/items/?perpage=96&order=ASC&orderby=date&exposer=csv&mapper=inbcm-ibram&paged=,42232
61,SN,Caixa para Leques,,,Caixa para leques feita em couro na cor preta; Tampa presa a caixa por meio de dobradiça em metal; Internamente forrada em tecido de veludo azul escuro.,Couro | Tecido,12 Objetos Pessoais > 12.6 Objeto de Auxílio/Conforto Pessoais,,,,museucasadahera_-_indumentaria,https://museucasadahera.acervos.museus.gov.br/wp-json/tainacan/v2/collection/42232/items/?perpage=96&order=ASC&orderby=date&exposer=csv&mapper=inbcm-ibram&paged=,42232
62,T 1177,Ventarola,,,"Ventarola em plumas brancas de avestruz que saem de um arranjo central em forma oval, com bordas douradas trabalhadas em alto relevo de duas linhas que se entrelaçadas, depois um espaço liso e ao centro espelho também em forma oval; Do arranjo central sai haste fina em cor dourada e com toda extensão trabalhada em alto relevo com 5 formas de bolacha, espaço liso e terminação  com pequena bolacha , abrindo em haste um pouco mais larga e finalizando com  dois relevos em forma de pião.",Metal | Plumas de Avestruz | Vidro,12 Objetos Pessoais > 12.6 Objeto de Auxílio/Conforto Pessoais,,Pernambuco,,museucasadahera_-_indumentaria,https://museucasadahera.acervos.museus.gov.br/wp-json/tainacan/v2/collection/42232/items/?perpage=96&order=ASC&orderby=date&exposer=csv&mapper=inbcm-ibram&paged=,42232
63,,Broche,,,"Broche em material metálico em forma de estrela com 12 pontas; Em cada ponta tem uma pedra translucida incrustrada, bem como na mesma direção, só que na parte superior; Na junção de cada ponta sai uma pequena fila com 2 pedras translucidas; Na parte central incrustação de pedra translucida de tamanho maior que as outras; Toda a extensão metálica do broche forma desenhos geométricos vazados, como uma renda. 
 Na parte de traz está preso o alfinete do broche.",Metal | Pedras,12 Objetos Pessoais > 12.5 Objeto de Adorno,,Desconhecida,,museucasadahera_-_indumentaria,https://museucasadahera.acervos.museus.gov.br/wp-json/tainacan/v2/collection/42232/items/?perpage=96&order=ASC&orderby=date&exposer=csv&mapper=inbcm-ibram&paged=,42232
64,SN,Leque de Plumas,,,Leque em plumas de avestruz. Penas longas na coloração cinza. Varetas em,Madeira | Plumas,12 Objetos Pessoais > 12.6 Objeto de Auxílio/Conforto Pessoais,,França > Paris,,museucasadahera_-_indumentaria,https://museucasadahera.acervos.museus.gov.br/wp-json/tainacan/v2/collection/42232/items/?perpage=96&order=ASC&orderby=date&exposer=csv&mapper=inbcm-ibram&paged=,42232
65,SN,Lenço,,,"Lenço em linho branco, forma quadra. Borda bordada em linha de algodão vermelha. Ao centro bordado, também em vermelho, em letras finas e rebuscadas, as iniciais U.R.M.",Algodão | Linho,12 Objetos Pessoais > 12.6 Objeto de Auxílio/Conforto Pessoais,,,,museucasadahera_-_indumentaria,https://museucasadahera.acervos.museus.gov.br/wp-json/tainacan/v2/collection/42232/items/?perpage=96&order=ASC&orderby=date&exposer=csv&mapper=inbcm-ibram&paged=,42232
66,,Broche,,,"Broche em material metálico dourado. Base cilíndrica com a face externa em recortes em alto relevo formando desenhos geométricos circulares. Face interna com chapa circular de onde sai o alfinete para prender o adereço.
Na parte superior do cilindro da fase externa há uma meia lua de mesmo material. Também com altos relevos recortados formando desenhos geométricos e aplicação de 6 pedras de stras incolor.
Na parte inferior do cilindro sai uma longa meche em cor dourada de crina de cavalo.",Crina de Cavalo | Metal,12 Objetos Pessoais > 12.5 Objeto de Adorno,,Desconhecida,,museucasadahera_-_indumentaria,https://museucasadahera.acervos.museus.gov.br/wp-json/tainacan/v2/collection/42232/items/?perpage=96&order=ASC&orderby=date&exposer=csv&mapper=inbcm-ibram&paged=,42232
